payment_id,customer_id,account_id,policy_id,amount,currency,payment_date,payment_method,status,reference,failure_reason,_quarantine_reason
PAY004385,C0637,A1191,,310.26,ZAR,2026-02-11,CASH,COMPLETED,PAYREFA13E1F751E,,EXACT_DUPLICATE
PAY006480,C0997,A1330,,653.6,ZAR,2025-05-06,DEBIT_ORDER,COMPLETED,PAYREF7B09A16551,,EXACT_DUPLICATE
PAY005614,C0454,A0155,,3511.45,ZAR,2025-08-10,DEBIT_ORDER,PENDING,PAYREFACBD5F8565,,EXACT_DUPLICATE
PAY008924,C0775,A0159,POL0286,1380.79,ZAR,2025-07-21,CARD,COMPLETED,PAYREF4F71EFD193,,EXACT_DUPLICATE
PAY006336,C0976,A0936,POL0264,305.89,ZAR,2026-04-03,MOBILE,FAILED,PAYREF8C6C02F0E4,Technical error,EXACT_DUPLICATE
PAY004084,C0808,A0288,POL0049,1601.87,ZAR,2026-03-27,EFT,COMPLETED,PAYREF4D4126D06E,,EXACT_DUPLICATE
PAY000277,C0381,A1500,POL0187,1650.53,ZAR,2026-04-15,DEBIT_ORDER,COMPLETED,PAYREF9AF589B1AB,,EXACT_DUPLICATE
PAY009568,C0648,A0751,POL0438,703.24,ZAR,2024-11-05,MOBILE,COMPLETED,PAYREF7A64BC5358,,EXACT_DUPLICATE
PAY007469,C0127,A1328,,1264.28,ZAR,2024-08-26,MOBILE,COMPLETED,PAYREFF5BD49627F,,EXACT_DUPLICATE
PAY007268,C0668,A1435,POL0756,521.39,ZAR,2024-09-08,DEBIT_ORDER,COMPLETED,PAYREF2BFB75429E,,EXACT_DUPLICATE
PAY008572,C0107,A0048,POL0512,305.39,ZAR,2024-03-01,MOBILE,COMPLETED,PAYREF32D20F00C0,,EXACT_DUPLICATE
PAY001728,C0393,A0829,,1207.38,ZAR,2026-08-01,MOBILE,COMPLETED,PAYREFD132C26901,,EXACT_DUPLICATE
PAY004874,C0682,A0962,POL0787,425.44,ZAR,2026-09-15,DEBIT_ORDER,COMPLETED,PAYREF07812E67D3,,EXACT_DUPLICATE
PAY001989,C0002,A1276,,1763.0,ZAR,2024-10-18,CARD,FAILED,PAYREFDD64E52372,Limit exceeded,EXACT_DUPLICATE
PAY009073,C0450,A1168,,407.02,ZAR,2024-10-25,EFT,REVERSED,PAYREFF432FE3863,,EXACT_DUPLICATE
PAY004409,C0888,A1455,,1308.98,ZAR,2024-01-30,CARD,FAILED,PAYREF4DD3CEB737,Invalid account,EXACT_DUPLICATE
PAY003250,C0006,A1312,POL0131,1931.11,ZAR,2024-07-31,CASH,PENDING,PAYREF79C2D79F05,,EXACT_DUPLICATE
PAY000564,C0684,A0425,POL0513,460.93,ZAR,2025-05-19,CASH,COMPLETED,PAYREF96BF3311E1,,EXACT_DUPLICATE
PAY007473,C0567,A0148,,548.65,ZAR,2024-12-17,DEBIT_ORDER,COMPLETED,PAYREF58C4FDFB40,,EXACT_DUPLICATE
PAY009027,C0709,A0551,POL0616,1423.26,ZAR,2024-10-26,EFT,COMPLETED,PAYREF01FE6CA94B,,EXACT_DUPLICATE
PAY002431,C0817,A0725,POL0622,1540.64,ZAR,2025-11-20,CASH,COMPLETED,PAYREFB6DDEE345E,,EXACT_DUPLICATE
PAY001372,C0673,A0038,POL0661,544.1,ZAR,2025-09-30,MOBILE,COMPLETED,PAYREF06A6EA9975,,EXACT_DUPLICATE
PAY007023,C0765,A0875,,482.08,ZAR,2026-04-11,MOBILE,FAILED,PAYREFAFC96030F5,Limit exceeded,EXACT_DUPLICATE
PAY004254,C0077,A1293,POL0683,2665.5,ZAR,2026-05-12,EFT,COMPLETED,PAYREFE6FF5BA8B2,,EXACT_DUPLICATE
PAY000824,C0558,A1303,,1630.77,ZAR,2025-07-03,EFT,PENDING,PAYREF7B7D50B4EA,,EXACT_DUPLICATE
PAY004396,C0418,A0303,,700.44,ZAR,2026-07-26,MOBILE,PENDING,PAYREF5662ED81F0,,EXACT_DUPLICATE
PAY006169,C0495,A1488,POL0643,2954.7,ZAR,2024-04-09,EFT,COMPLETED,PAYREFE0621B0927,,EXACT_DUPLICATE
PAY006293,C0558,A0203,POL0723,1548.72,ZAR,2025-09-30,CARD,COMPLETED,PAYREF2CFB9F967A,,EXACT_DUPLICATE
PAY004862,C0673,A1437,POL0045,923.02,ZAR,2025-05-26,DEBIT_ORDER,COMPLETED,PAYREFEA956B4D83,,EXACT_DUPLICATE
PAY007550,C0302,A0371,POL0342,2274.97,ZAR,2025-05-20,CASH,COMPLETED,PAYREFE198BBEBC5,,EXACT_DUPLICATE
PAY002014,C0866,A1323,,3582.32,ZAR,2025-10-23,MOBILE,PENDING,PAYREF98A73E05E3,,EXACT_DUPLICATE
PAY008493,C0107,A0895,POL0513,301.03,ZAR,2026-03-11,DEBIT_ORDER,COMPLETED,PAYREF08A232745D,,EXACT_DUPLICATE
PAY001174,C0508,A0534,POL0765,2004.53,ZAR,2026-07-18,CASH,FAILED,PAYREFF4B5649541,Invalid account,EXACT_DUPLICATE
PAY009644,C0232,A0827,,156.61,ZAR,2026-06-18,EFT,REVERSED,PAYREFA87C7474F4,,EXACT_DUPLICATE
PAY003251,C0187,A0228,,2181.68,ZAR,2024-07-06,CARD,COMPLETED,PAYREFE62DD17C2E,,EXACT_DUPLICATE
PAY003456,C0218,A0649,,528.64,ZAR,2026-08-27,CASH,COMPLETED,PAYREF0B9C53D9AD,,EXACT_DUPLICATE
PAY008079,C0168,A0867,POL0301,3132.02,ZAR,2024-10-08,DEBIT_ORDER,PENDING,PAYREFB0AB77BF2D,,EXACT_DUPLICATE
PAY004273,C0474,A1143,POL0347,1372.65,ZAR,2026-06-06,MOBILE,COMPLETED,PAYREFA323D260A4,,EXACT_DUPLICATE
PAY002708,C0699,A0963,,1261.68,ZAR,2026-03-07,CASH,FAILED,PAYREF12BF2F7BFA,Technical error,EXACT_DUPLICATE
PAY002584,C0795,A0510,,6703.45,ZAR,2026-01-02,EFT,COMPLETED,PAYREFE4FFD20991,,EXACT_DUPLICATE
PAY006514,C0724,A0365,,645.82,ZAR,2026-07-16,CARD,COMPLETED,PAYREF51B1C759E1,,EXACT_DUPLICATE
PAY006343,C0498,A0172,POL0292,1607.22,ZAR,2024-11-25,EFT,COMPLETED,PAYREF9511C70DBF,,EXACT_DUPLICATE
PAY007425,C0842,A1471,,520.0,ZAR,2024-07-25,EFT,PENDING,PAYREFA852CE85C6,,EXACT_DUPLICATE
PAY007293,C0530,A1278,POL0183,390.41,ZAR,2025-10-29,EFT,COMPLETED,PAYREF149C691DDA,,EXACT_DUPLICATE
PAY002999,C0857,A1146,POL0312,1056.69,ZAR,2024-10-05,CARD,COMPLETED,PAYREF323CC067E9,,EXACT_DUPLICATE
PAY002772,C0327,A1347,POL0299,933.95,ZAR,2024-08-18,CARD,COMPLETED,PAYREFDA50F1552B,,EXACT_DUPLICATE
PAY008964,C0055,A1007,,621.36,ZAR,2024-01-29,CARD,COMPLETED,PAYREFD38506188B,,EXACT_DUPLICATE
PAY001982,C0534,A1176,,1132.95,ZAR,2024-11-03,CARD,COMPLETED,PAYREFABF8D1EDAC,,EXACT_DUPLICATE
PAY000992,C0805,A1152,POL0452,764.96,ZAR,2026-04-15,MOBILE,COMPLETED,PAYREF7E96C61224,,EXACT_DUPLICATE
PAY006153,C0974,A1008,POL0296,1331.07,ZAR,2026-01-13,CARD,PENDING,PAYREF2062DB640D,,EXACT_DUPLICATE
PAY004276,C0212,A1068,POL0109,1148.47,ZAR,2024-05-31,CASH,COMPLETED,PAYREF983A43DE57,,EXACT_DUPLICATE
PAY000746,C0217,A0961,POL0093,144.14,ZAR,2026-02-06,MOBILE,COMPLETED,PAYREF97D3801E67,,EXACT_DUPLICATE
PAY003317,C0857,A0933,POL0618,1402.75,ZAR,2026-04-07,MOBILE,REVERSED,PAYREFBC2FC3F3E6,,EXACT_DUPLICATE
PAY006564,C0384,A1335,,273.25,ZAR,2025-02-19,CARD,COMPLETED,PAYREF8A2C170D52,,EXACT_DUPLICATE
PAY001137,C0804,A0270,,2347.58,ZAR,2025-12-20,DEBIT_ORDER,COMPLETED,PAYREF854933F6C8,,EXACT_DUPLICATE
PAY005416,C0579,A0049,,4857.51,ZAR,2025-08-18,MOBILE,COMPLETED,PAYREF7349CAB71A,,EXACT_DUPLICATE
PAY005907,C0613,A1340,,1723.34,ZAR,2025-10-29,DEBIT_ORDER,COMPLETED,PAYREFB8A2894090,,EXACT_DUPLICATE
PAY000091,C0250,A0233,,45607.77,ZAR,2024-03-08,MOBILE,COMPLETED,PAYREF59442788EE,,EXACT_DUPLICATE
PAY008476,C0236,A0634,,826.5,ZAR,2024-03-22,CASH,COMPLETED,PAYREF784CF43731,,EXACT_DUPLICATE
PAY005923,C0397,A0126,POL0135,2336.75,ZAR,2026-03-28,MOBILE,COMPLETED,PAYREF23FC325263,,EXACT_DUPLICATE
PAY002969,C0530,A0833,POL0495,1043.96,ZAR,2025-07-24,CASH,REVERSED,PAYREFF034A2AEE7,,EXACT_DUPLICATE
PAY001361,C0983,A0596,POL0126,2353.97,ZAR,2024-09-17,DEBIT_ORDER,COMPLETED,PAYREF224BF9A861,,EXACT_DUPLICATE
PAY005193,C0959,A1136,,4266.07,ZAR,2025-11-10,DEBIT_ORDER,COMPLETED,PAYREFAEAE75E520,,EXACT_DUPLICATE
PAY005922,C0923,A0688,POL0362,86.16,ZAR,2024-01-04,CASH,COMPLETED,PAYREF6DFBB3B74E,,EXACT_DUPLICATE
PAY002006,C0992,A0294,,50.34,ZAR,2025-03-10,EFT,COMPLETED,PAYREF4930A19F90,,EXACT_DUPLICATE
PAY004150,C0843,A0975,POL0425,498.22,ZAR,2025-04-14,DEBIT_ORDER,COMPLETED,PAYREFF907BCB295,,EXACT_DUPLICATE
PAY003301,C0667,A1285,POL0703,2569.15,ZAR,2026-02-11,CASH,COMPLETED,PAYREFFE1FA5ED3B,,EXACT_DUPLICATE
PAY006896,C0276,A1112,,2837.5,ZAR,2026-02-04,CASH,PENDING,PAYREFE41D0F42F4,,EXACT_DUPLICATE
PAY001699,C0596,A1472,POL0223,910.54,ZAR,2025-05-24,DEBIT_ORDER,COMPLETED,PAYREF30F7DDA644,,EXACT_DUPLICATE
PAY005227,C0042,A1360,POL0460,478.53,ZAR,2025-08-12,CARD,COMPLETED,PAYREF7CB0EF4F32,,EXACT_DUPLICATE
PAY000345,C0420,A1406,POL0599,654.18,ZAR,2024-01-14,DEBIT_ORDER,COMPLETED,PAYREF9523932316,,EXACT_DUPLICATE
PAY002283,C0156,A1293,POL0434,1292.81,ZAR,2024-06-01,CASH,COMPLETED,PAYREF95DCB4ACEA,,EXACT_DUPLICATE
PAY000772,C0598,A1208,POL0628,915.09,ZAR,2025-03-23,CASH,COMPLETED,PAYREFB0C21DB13A,,EXACT_DUPLICATE
PAY000278,C0988,A0265,,1881.72,ZAR,2026-07-09,CARD,COMPLETED,PAYREF86D4D46E77,,EXACT_DUPLICATE
PAY001046,C0853,A0708,,1005.41,ZAR,2024-06-27,DEBIT_ORDER,COMPLETED,PAYREF985A83677F,,EXACT_DUPLICATE
PAY005307,C0604,A1154,,1588.53,ZAR,2024-05-03,MOBILE,COMPLETED,PAYREF1C120A96B9,,EXACT_DUPLICATE
PAY006659,C0888,A1422,POL0326,3592.8,ZAR,2024-02-08,CASH,COMPLETED,PAYREFABC388E363,,EXACT_DUPLICATE
PAY009513,C0998,A0417,,474.48,ZAR,2024-12-28,MOBILE,COMPLETED,PAYREF6603DBBFD0,,EXACT_DUPLICATE
PAY006444,C0654,A1268,POL0040,642.4,ZAR,2024-12-24,CASH,COMPLETED,PAYREFEEBD40E333,,EXACT_DUPLICATE
PAY006278,C0639,A1378,POL0798,984.75,ZAR,2026-06-13,EFT,COMPLETED,PAYREF81E45F8EE5,,EXACT_DUPLICATE
PAY009220,C0479,A0404,POL0121,1287.94,ZAR,2026-04-27,CASH,PENDING,PAYREF2390BFAB7D,,EXACT_DUPLICATE
PAY003953,C0103,A0947,POL0200,746.8,ZAR,2025-04-12,CARD,COMPLETED,PAYREFEB68D303CD,,EXACT_DUPLICATE
PAY005883,C0644,A0421,,2890.25,ZAR,2024-05-07,CASH,COMPLETED,PAYREFB48257185C,,EXACT_DUPLICATE
PAY000583,C0090,A0189,,772.86,ZAR,2025-11-30,CARD,COMPLETED,PAYREF7ED6755859,,EXACT_DUPLICATE
PAY002115,C0261,A0162,,626.46,ZAR,2024-03-13,MOBILE,COMPLETED,PAYREF9E84B33486,,EXACT_DUPLICATE
PAY000875,C0877,A0653,POL0714,411.57,ZAR,2024-11-13,CARD,COMPLETED,PAYREF2548591845,,EXACT_DUPLICATE
PAY004500,C0050,A0471,,643.48,ZAR,2024-11-01,CARD,COMPLETED,PAYREF50AA18FE71,,EXACT_DUPLICATE
PAY007989,C0114,A0179,POL0169,215.43,ZAR,2026-07-06,EFT,COMPLETED,PAYREF9080A38292,,EXACT_DUPLICATE
PAY009362,C0542,A1242,,2544.89,ZAR,2024-06-03,EFT,COMPLETED,PAYREFE8FB60FA00,,EXACT_DUPLICATE
PAY008240,C0040,A0751,,9430.73,ZAR,2026-05-18,CARD,COMPLETED,PAYREFD47B765474,,EXACT_DUPLICATE
PAY008904,C0232,A1006,POL0767,4010.91,ZAR,2026-06-12,DEBIT_ORDER,COMPLETED,PAYREFF91DCB7202,,EXACT_DUPLICATE
PAY009618,C0330,A1335,POL0688,2633.03,ZAR,2025-09-18,DEBIT_ORDER,COMPLETED,PAYREF4AD56E4DD7,,EXACT_DUPLICATE
PAY007622,C0070,A0295,POL0568,1777.15,ZAR,2025-08-04,CASH,COMPLETED,PAYREF2A10A215EE,,EXACT_DUPLICATE
PAY001906,C0252,A0874,POL0580,907.84,ZAR,2024-01-12,DEBIT_ORDER,COMPLETED,PAYREF0FBC6ECF8B,,EXACT_DUPLICATE
PAY005238,C0752,A0761,POL0704,652.38,ZAR,2026-02-11,EFT,COMPLETED,PAYREF36289884A3,,EXACT_DUPLICATE
PAY006235,C0084,A0905,POL0057,1692.65,ZAR,2025-06-23,CARD,PENDING,PAYREF91FD4AA46C,,EXACT_DUPLICATE
PAY008867,C0421,A1149,POL0033,1800.36,ZAR,2024-01-18,CASH,COMPLETED,PAYREFAC071542C6,,EXACT_DUPLICATE
PAY002886,C0926,A0914,POL0576,1556.11,ZAR,2024-07-18,DEBIT_ORDER,FAILED,PAYREF3B8C6589F3,Invalid account,EXACT_DUPLICATE
PAY003259,C0051,A1225,POL0336,2401.81,ZAR,2024-07-04,CARD,COMPLETED,PAYREF27F7B8BD8D,,EXACT_DUPLICATE
PAY009855,C0652,A0896,POL0704,1488.98,ZAR,2025-08-23,CASH,COMPLETED,PAYREF2D14238A14,,EXACT_DUPLICATE
PAY007862,C0952,A0699,,1814.51,ZAR,2025-02-09,EFT,COMPLETED,PAYREF212D7B2874,,EXACT_DUPLICATE
PAY005931,C0417,A0592,,4732.64,ZAR,2024-08-11,DEBIT_ORDER,COMPLETED,PAYREFA073BDD837,,EXACT_DUPLICATE
PAY000408,C0647,A0712,POL0022,534.5,ZAR,2025-09-14,CASH,COMPLETED,PAYREF236185D57D,,EXACT_DUPLICATE
PAY009756,C0402,A0113,POL0370,1325.18,ZAR,2024-08-18,CASH,COMPLETED,PAYREF19CBE13695,,DUPLICATE_KEY_payment_id
PAY000736,C0669,A0166,,1693.28,ZAR,2025-06-09,CARD,COMPLETED,PAYREF3B5914E4E4,,DUPLICATE_KEY_payment_id
PAY000770,C0337,A1146,,2161.04,XXX,2025-01-05,EFT,COMPLETED,PAYREFCEF554637A,,DUPLICATE_KEY_payment_id
PAY008130,C0617,A0103,,262.76,ZAR,2025-11-27,CASH,COMPLETED,PAYREF33DE683103,,DUPLICATE_KEY_payment_id
PAY000886,C0230,A0739,,1163.45,ZAR,2024-01-23,EFT,COMPLETED,PAYREF61867ED74C,,DUPLICATE_KEY_payment_id
PAY000044,C0240,A0168,POL0083,1613.39,ZAR,2025-09-08,CASH,COMPLETED,PAYREF1D740B9CAD,,DUPLICATE_KEY_payment_id
PAY003910,C0355,A0657,POL0241,,ZAR,2024-04-17,MOBILE,COMPLETED,PAYREFD85EE4D4E0,,DUPLICATE_KEY_payment_id
PAY009570,C0143,A0963,POL0567,,ZAR,2026-07-02,DEBIT_ORDER,COMPLETED,PAYREFEAFFAB3F64,,DUPLICATE_KEY_payment_id
PAY007573,C0042,A0193,POL0362,483.89,ZAR,2024-08-14,CASH,COMPLETED,PAYREF7943A08A33,,DUPLICATE_KEY_payment_id
PAY003650,C0816,A0894,POL0039,339.72,ZAR,2024-04-24,EFT,FAILED,PAYREFB63CE277BF,Technical error,DUPLICATE_KEY_payment_id
PAY009103,C0727,A0649,,709.45,ZAR,2026-01-24,CASH,COMPLETED,PAYREFE44D4B2B68,,DUPLICATE_KEY_payment_id
PAY002751,C0941,A0303,,4799.73,ZAR,2024-01-22,MOBILE,COMPLETED,PAYREF877B1DE02C,,DUPLICATE_KEY_payment_id
PAY003411,C0338,A1265,POL0088,552.31,USD,2025-07-08,CASH,COMPLETED,PAYREF4B03850E8C,,DUPLICATE_KEY_payment_id
PAY008363,C0456,A1316,POL0127,,ZAR,2024-12-10,CASH,COMPLETED,PAYREFB5D83ECB94,,DUPLICATE_KEY_payment_id
PAY007484,C0445,A0358,POL0309,895.81,ZAR,2025-02-24,MOBILE,COMPLETED,PAYREF5CDCFE3EF1,,DUPLICATE_KEY_payment_id
PAY003222,C0430,A0367,POL0574,3412.34,ZAR,2024-05-06,DEBIT_ORDER,COMPLETED,PAYREF374F20BA51,,DUPLICATE_KEY_payment_id
PAY002203,C0190,A0490,,1565.92,ZAR,2026-03-16,DEBIT_ORDER,COMPLETED,PAYREF900DAC7229,,DUPLICATE_KEY_payment_id
PAY000040,UNKNOWN,A1347,POL0374,1874.01,ZAR,2026-02-06,CARD,COMPLETED,PAYREFC0C539E619,,BROKEN_FK_customer_id_to_customers
PAY000113,UNKNOWN,A0118,POL0215,1420.21,ZAR,2025-11-15,CARD,COMPLETED,PAYREF8F314F4BE5,,BROKEN_FK_customer_id_to_customers
PAY000151,UNKNOWN,A1376,POL0720,947.88,ZAR,2026-02-14,MOBILE,FAILED,PAYREF04DF9E5590,Account closed,BROKEN_FK_customer_id_to_customers
PAY000185,UNKNOWN,A0824,POL0643,2469.7,ZAR,2025-12-05,MOBILE,COMPLETED,PAYREF5260A2F733,,BROKEN_FK_customer_id_to_customers
PAY000248,UNKNOWN,A0701,,2649.42,ZAR,2026-01-28,CARD,COMPLETED,PAYREF3097BBFE5E,,BROKEN_FK_customer_id_to_customers
PAY000267,UNKNOWN,A0008,POL0671,1338.07,ZAR,2025-12-25,MOBILE,COMPLETED,PAYREFC10A356D1E,,BROKEN_FK_customer_id_to_customers
PAY000286,UNKNOWN,A0373,POL0282,1887.05,ZAR,2025-10-12,DEBIT_ORDER,FAILED,PAYREFD5227F14C0,Technical error,BROKEN_FK_customer_id_to_customers
PAY000462,UNKNOWN,A0263,,1788.49,ZAR,2025-03-29,MOBILE,COMPLETED,PAYREF653BCC9888,,BROKEN_FK_customer_id_to_customers
PAY000484,UNKNOWN,A0615,POL0039,2713.39,ZAR,2025-02-19,MOBILE,COMPLETED,PAYREF2AAA67A040,,BROKEN_FK_customer_id_to_customers
PAY000587,UNKNOWN,A0757,POL0060,766.49,ZAR,2024-07-04,CARD,COMPLETED,PAYREF18D5A529B5,,BROKEN_FK_customer_id_to_customers
PAY000637,UNKNOWN,A0040,POL0158,1765.23,ZAR,2025-03-26,MOBILE,COMPLETED,PAYREF7A652893ED,,BROKEN_FK_customer_id_to_customers
PAY000715,UNKNOWN,A0999,,4134.8,ZAR,2025-01-28,CASH,COMPLETED,PAYREF559E74A11D,,BROKEN_FK_customer_id_to_customers
PAY000736,UNKNOWN,A0166,,1693.28,ZAR,2025-06-09,CARD,COMPLETED,PAYREF3B5914E4E4,,BROKEN_FK_customer_id_to_customers
PAY000744,UNKNOWN,A0570,POL0789,6939.57,ZAR,2026-04-15,CASH,FAILED,PAYREF4487C0767C,Account closed,BROKEN_FK_customer_id_to_customers
PAY000781,UNKNOWN,A0535,,1363.05,ZAR,2025-11-13,CARD,COMPLETED,PAYREF9FEAD22F14,,BROKEN_FK_customer_id_to_customers
PAY000801,UNKNOWN,A1322,,200.88,ZAR,2026-04-11,EFT,REVERSED,PAYREF7918BD8732,,BROKEN_FK_customer_id_to_customers
PAY000853,UNKNOWN,A0292,,432.42,ZAR,2026-03-09,DEBIT_ORDER,COMPLETED,PAYREFE65120BD66,,BROKEN_FK_customer_id_to_customers
PAY000886,UNKNOWN,A0739,,1163.45,ZAR,2024-01-23,EFT,COMPLETED,PAYREF61867ED74C,,BROKEN_FK_customer_id_to_customers
PAY000900,UNKNOWN,A1403,,638.68,ZAR,2026-02-28,EFT,COMPLETED,PAYREFEA562E11C9,,BROKEN_FK_customer_id_to_customers
PAY000902,UNKNOWN,A0499,POL0184,441.42,ZAR,2024-02-27,CARD,COMPLETED,PAYREF1AD0954991,,BROKEN_FK_customer_id_to_customers
PAY001011,UNKNOWN,A1091,,438.87,ZAR,2024-09-22,DEBIT_ORDER,COMPLETED,PAYREFEBE7994875,,BROKEN_FK_customer_id_to_customers
PAY001015,UNKNOWN,A0926,,579.04,ZAR,2025-01-05,EFT,COMPLETED,PAYREF09806FD8F9,,BROKEN_FK_customer_id_to_customers
PAY001084,UNKNOWN,A1271,POL0107,719.51,ZAR,2025-02-22,CARD,REVERSED,PAYREF33D59C6FFC,,BROKEN_FK_customer_id_to_customers
PAY001133,UNKNOWN,A0771,POL0307,4641.23,ZAR,2025-08-16,EFT,COMPLETED,PAYREF1C57B61E3B,,BROKEN_FK_customer_id_to_customers
PAY001217,UNKNOWN,A1303,POL0685,780.56,ZAR,2026-02-20,CASH,COMPLETED,PAYREF7BC0B132D7,,BROKEN_FK_customer_id_to_customers
PAY001239,UNKNOWN,A1294,POL0029,1691.8,ZAR,2024-04-24,EFT,PENDING,PAYREF39A45AFB07,,BROKEN_FK_customer_id_to_customers
PAY001240,UNKNOWN,A1412,,318.54,ZAR,2025-02-16,MOBILE,COMPLETED,PAYREFBE16993E3E,,BROKEN_FK_customer_id_to_customers
PAY001242,UNKNOWN,A0405,,957.32,ZAR,2024-10-06,EFT,COMPLETED,PAYREF5268A78D1D,,BROKEN_FK_customer_id_to_customers
PAY001249,UNKNOWN,A0894,,2570.27,ZAR,2024-02-01,DEBIT_ORDER,COMPLETED,PAYREFB3390FF750,,BROKEN_FK_customer_id_to_customers
PAY001254,UNKNOWN,A0604,,287.11,ZAR,2026-08-23,MOBILE,FAILED,PAYREF38136FB36F,Insufficient funds,BROKEN_FK_customer_id_to_customers
PAY001274,UNKNOWN,A0935,POL0571,306.55,ZAR,2024-06-10,CARD,COMPLETED,PAYREFC3E03B102B,,BROKEN_FK_customer_id_to_customers
PAY001301,UNKNOWN,A1299,,1357.38,ZAR,2024-12-29,EFT,COMPLETED,PAYREF885F8152BE,,BROKEN_FK_customer_id_to_customers
PAY001329,UNKNOWN,A1198,POL0327,344.78,ZAR,2026-05-07,MOBILE,COMPLETED,PAYREF178DC49B2D,,BROKEN_FK_customer_id_to_customers
PAY001345,UNKNOWN,A0992,POL0416,1840.83,ZAR,2024-10-09,EFT,COMPLETED,PAYREFFEDDC749A0,,BROKEN_FK_customer_id_to_customers
PAY001359,UNKNOWN,A1119,POL0081,805.97,ZAR,2024-02-25,MOBILE,PENDING,PAYREF349DC634C3,,BROKEN_FK_customer_id_to_customers
PAY001458,UNKNOWN,A0596,POL0574,2827.24,ZAR,2025-10-15,CARD,FAILED,PAYREFFC9CACAE95,Invalid account,BROKEN_FK_customer_id_to_customers
PAY001484,UNKNOWN,A0132,POL0187,2837.82,ZAR,2026-09-08,CASH,FAILED,PAYREFABAB4FCA4A,Invalid account,BROKEN_FK_customer_id_to_customers
PAY001556,UNKNOWN,A0743,,6939.57,ZAR,2025-08-13,MOBILE,FAILED,PAYREF800FF5B01D,Invalid account,BROKEN_FK_customer_id_to_customers
PAY001591,UNKNOWN,A0431,,3417.2,ZAR,2025-09-04,MOBILE,COMPLETED,PAYREF5594F24A28,,BROKEN_FK_customer_id_to_customers
PAY001631,UNKNOWN,A1217,,960.33,ZAR,2026-09-05,CASH,COMPLETED,PAYREF322AB7E56D,,BROKEN_FK_customer_id_to_customers
PAY001691,UNKNOWN,A1278,POL0572,300.05,ZAR,2026-02-13,DEBIT_ORDER,COMPLETED,PAYREF22E710711A,,BROKEN_FK_customer_id_to_customers
PAY001738,UNKNOWN,A0420,POL0021,1812.98,ZAR,2025-02-16,DEBIT_ORDER,COMPLETED,PAYREF263D880460,,BROKEN_FK_customer_id_to_customers
PAY001785,UNKNOWN,A0832,POL0114,776.96,ZAR,2026-08-24,EFT,PENDING,PAYREF4F31FA3F64,,BROKEN_FK_customer_id_to_customers
PAY001787,UNKNOWN,A0126,POL0056,961.51,ZAR,2024-06-09,DEBIT_ORDER,COMPLETED,PAYREF48087795FB,,BROKEN_FK_customer_id_to_customers
PAY001805,UNKNOWN,A1095,POL0777,1059.39,ZAR,2025-06-06,CARD,FAILED,PAYREF96C8C2B6DF,Technical error,BROKEN_FK_customer_id_to_customers
PAY001807,UNKNOWN,A1130,,1792.15,ZAR,2026-04-15,EFT,COMPLETED,PAYREF7806830FBD,,BROKEN_FK_customer_id_to_customers
PAY001879,UNKNOWN,A0240,,217.47,ZAR,2024-05-02,EFT,COMPLETED,PAYREFB31E558F7D,,BROKEN_FK_customer_id_to_customers
PAY001900,UNKNOWN,A0207,POL0709,3695.51,ZAR,2026-02-22,CASH,COMPLETED,PAYREF45AE67F9AA,,BROKEN_FK_customer_id_to_customers
PAY001919,UNKNOWN,A0107,POL0087,327.85,ZAR,2026-05-20,CARD,COMPLETED,PAYREFA6DEA2106F,,BROKEN_FK_customer_id_to_customers
PAY001964,UNKNOWN,A1476,POL0708,3265.96,ZAR,2026-07-20,MOBILE,COMPLETED,PAYREF3AD3BBE574,,BROKEN_FK_customer_id_to_customers
PAY001974,UNKNOWN,A1111,POL0089,1393.36,ZAR,2024-08-11,EFT,COMPLETED,PAYREF7B36FB90D3,,BROKEN_FK_customer_id_to_customers
PAY002064,UNKNOWN,A0249,POL0732,512.29,ZAR,2024-08-25,CASH,COMPLETED,PAYREFC998E26951,,BROKEN_FK_customer_id_to_customers
PAY002082,UNKNOWN,A0074,POL0327,1107.66,ZAR,2024-08-06,DEBIT_ORDER,PENDING,PAYREF5411A8CDF1,,BROKEN_FK_customer_id_to_customers
PAY002087,UNKNOWN,A0937,,3203.82,ZAR,2024-05-17,MOBILE,PENDING,PAYREF14ABC2D5C3,,BROKEN_FK_customer_id_to_customers
PAY002126,UNKNOWN,A1097,,362.73,ZAR,2024-10-18,CASH,COMPLETED,PAYREF4B94F30318,,BROKEN_FK_customer_id_to_customers
PAY002147,UNKNOWN,A1203,,792.8,ZAR,2026-05-16,EFT,COMPLETED,PAYREF83EC01DEC7,,BROKEN_FK_customer_id_to_customers
PAY002151,UNKNOWN,A0098,,1718.75,ZAR,2024-08-31,CASH,COMPLETED,PAYREF869880B27A,,BROKEN_FK_customer_id_to_customers
PAY002162,UNKNOWN,A0189,POL0131,348.43,ZAR,2025-10-23,CASH,COMPLETED,PAYREF7DB35C2366,,BROKEN_FK_customer_id_to_customers
PAY002203,UNKNOWN,A0490,,1565.92,ZAR,2026-03-16,DEBIT_ORDER,COMPLETED,PAYREF900DAC7229,,BROKEN_FK_customer_id_to_customers
PAY002216,UNKNOWN,A0707,POL0570,114.29,ZAR,2025-04-01,EFT,COMPLETED,PAYREF4A6D7F5A0E,,BROKEN_FK_customer_id_to_customers
PAY002302,UNKNOWN,A0380,POL0370,442.53,ZAR,2024-07-27,EFT,COMPLETED,PAYREFF46C7B9A1E,,BROKEN_FK_customer_id_to_customers
PAY002360,UNKNOWN,A0086,POL0138,726.12,ZAR,2024-04-25,EFT,COMPLETED,PAYREF6BC08445B9,,BROKEN_FK_customer_id_to_customers
PAY002367,UNKNOWN,A0871,POL0676,1254.97,ZAR,2024-01-22,MOBILE,COMPLETED,PAYREF3421FFB03F,,BROKEN_FK_customer_id_to_customers
PAY002401,UNKNOWN,A0765,,270.04,ZAR,2024-05-29,DEBIT_ORDER,COMPLETED,PAYREFEE080D8F76,,BROKEN_FK_customer_id_to_customers
PAY002448,UNKNOWN,A1474,POL0205,647.75,ZAR,2025-11-18,CASH,FAILED,PAYREF059A335ECC,Limit exceeded,BROKEN_FK_customer_id_to_customers
PAY002452,UNKNOWN,A0084,,2699.35,ZAR,2025-07-23,EFT,COMPLETED,PAYREFECBE9B8314,,BROKEN_FK_customer_id_to_customers
PAY002458,UNKNOWN,A1356,POL0037,76.11,ZAR,2025-08-16,MOBILE,COMPLETED,PAYREF22E0521FA7,,BROKEN_FK_customer_id_to_customers
PAY002541,UNKNOWN,A0801,POL0135,932.45,ZAR,2024-05-19,DEBIT_ORDER,COMPLETED,PAYREF60D9EECB7A,,BROKEN_FK_customer_id_to_customers
PAY002623,UNKNOWN,A1345,POL0508,2673.91,ZAR,2025-07-10,CARD,COMPLETED,PAYREF2C31672FDA,,BROKEN_FK_customer_id_to_customers
PAY002649,UNKNOWN,A0680,POL0054,3369.37,ZAR,2025-03-03,CASH,COMPLETED,PAYREF586680E3E2,,BROKEN_FK_customer_id_to_customers
PAY002716,UNKNOWN,A0386,,936.76,ZAR,2025-06-17,CARD,COMPLETED,PAYREFFA538C0F98,,BROKEN_FK_customer_id_to_customers
PAY002751,UNKNOWN,A0303,,4799.73,ZAR,2024-01-22,MOBILE,COMPLETED,PAYREF877B1DE02C,,BROKEN_FK_customer_id_to_customers
PAY002861,UNKNOWN,A0620,,738.89,ZAR,2025-04-25,CASH,COMPLETED,PAYREFEF9F894408,,BROKEN_FK_customer_id_to_customers
PAY002933,UNKNOWN,A0697,POL0190,1102.755,ZAR,2026-07-03,CARD,COMPLETED,PAYREF1681408FA1,,BROKEN_FK_customer_id_to_customers
PAY003010,UNKNOWN,A1380,POL0355,1530.04,ZAR,2024-10-12,DEBIT_ORDER,COMPLETED,PAYREFF3645ED03A,,BROKEN_FK_customer_id_to_customers
PAY003031,UNKNOWN,A1419,POL0611,1391.86,ZAR,2024-05-18,EFT,COMPLETED,PAYREF22CFDAE381,,BROKEN_FK_customer_id_to_customers
PAY003072,UNKNOWN,A1365,POL0476,189.6,ZAR,2024-04-30,CASH,COMPLETED,PAYREFC506E7ABFE,,BROKEN_FK_customer_id_to_customers
PAY003111,UNKNOWN,A0872,POL0490,2615.02,ZAR,2025-08-01,EFT,COMPLETED,PAYREFC169088995,,BROKEN_FK_customer_id_to_customers
PAY003135,UNKNOWN,A0168,,872.17,ZAR,2024-12-26,MOBILE,PENDING,PAYREFEA50A8ABB4,,BROKEN_FK_customer_id_to_customers
PAY003181,UNKNOWN,A0285,POL0499,303.09,ZAR,2024-11-08,CARD,FAILED,PAYREFC1F098CC99,Technical error,BROKEN_FK_customer_id_to_customers
PAY003184,UNKNOWN,A0779,,575.58,ZAR,2025-09-02,CARD,COMPLETED,PAYREF98266B1E41,,BROKEN_FK_customer_id_to_customers
PAY003191,UNKNOWN,A1086,,1703.21,ZAR,2024-11-02,EFT,COMPLETED,PAYREF7F2E8D5DDA,,BROKEN_FK_customer_id_to_customers
PAY003215,UNKNOWN,A0866,POL0587,595.07,ZAR,2024-04-11,MOBILE,COMPLETED,PAYREFBB5ABB8780,,BROKEN_FK_customer_id_to_customers
PAY003216,UNKNOWN,A1003,POL0293,148.42,ZAR,2025-06-30,CASH,COMPLETED,PAYREF3C04F127F8,,BROKEN_FK_customer_id_to_customers
PAY003237,UNKNOWN,A1026,POL0102,2808.0,ZAR,2024-05-16,CASH,COMPLETED,PAYREF6171A0FDD3,,BROKEN_FK_customer_id_to_customers
PAY003271,UNKNOWN,A0214,POL0111,4006.3,ZAR,2025-06-17,MOBILE,COMPLETED,PAYREF42174CECF9,,BROKEN_FK_customer_id_to_customers
PAY003325,UNKNOWN,A0254,,878.08,ZAR,2024-02-26,CARD,COMPLETED,PAYREFCCFE4D7B09,,BROKEN_FK_customer_id_to_customers
PAY003343,UNKNOWN,A0476,,626.35,ZAR,2024-07-28,EFT,PENDING,PAYREFD2D5F8751B,,BROKEN_FK_customer_id_to_customers
PAY003358,UNKNOWN,A0722,POL0664,855.92,ZAR,2024-03-06,CARD,COMPLETED,PAYREF9D1D89CE03,,BROKEN_FK_customer_id_to_customers
PAY003447,UNKNOWN,A1012,POL0278,1892.2,ZAR,2024-07-20,MOBILE,FAILED,PAYREF373480AC20,Technical error,BROKEN_FK_customer_id_to_customers
PAY003475,UNKNOWN,A0981,POL0222,781.43,ZAR,2025-05-22,EFT,COMPLETED,PAYREF5008528BD1,,BROKEN_FK_customer_id_to_customers
PAY003550,UNKNOWN,A0267,POL0703,1458.47,ZAR,2026-01-20,DEBIT_ORDER,COMPLETED,PAYREF945C5176A0,,BROKEN_FK_customer_id_to_customers
PAY003556,UNKNOWN,A0301,,3367.04,ZAR,2024-05-14,EFT,COMPLETED,PAYREF5FF7FAE021,,BROKEN_FK_customer_id_to_customers
PAY003583,UNKNOWN,A0188,,1102.755,ZAR,2024-03-14,CASH,COMPLETED,PAYREF5860CB68E8,,BROKEN_FK_customer_id_to_customers
PAY003595,UNKNOWN,A0898,POL0308,3933.51,ZAR,2025-02-07,EFT,COMPLETED,PAYREF26C2321A5C,,BROKEN_FK_customer_id_to_customers
PAY003613,UNKNOWN,A1203,POL0756,3398.7,ZAR,2025-04-26,CASH,COMPLETED,PAYREFF8AC6B385B,,BROKEN_FK_customer_id_to_customers
PAY003618,UNKNOWN,A1450,,401.57,ZAR,2025-06-13,DEBIT_ORDER,COMPLETED,PAYREF2215787BA9,,BROKEN_FK_customer_id_to_customers
PAY003636,UNKNOWN,A1454,POL0071,1194.84,ZAR,2025-01-13,DEBIT_ORDER,COMPLETED,PAYREF214F5F6747,,BROKEN_FK_customer_id_to_customers
PAY003650,UNKNOWN,A0894,POL0039,339.72,ZAR,2024-04-24,EFT,FAILED,PAYREFB63CE277BF,Technical error,BROKEN_FK_customer_id_to_customers
PAY003736,UNKNOWN,A0897,POL0218,4260.5,ZAR,2025-04-21,CARD,COMPLETED,PAYREFE050CFCBFD,,BROKEN_FK_customer_id_to_customers
PAY003761,UNKNOWN,A0983,POL0472,343.77,ZAR,2024-03-25,EFT,COMPLETED,PAYREFB78AD9CD80,,BROKEN_FK_customer_id_to_customers
PAY003763,UNKNOWN,A0496,POL0151,830.83,ZAR,2026-02-26,CARD,FAILED,PAYREF4EB05CBEEA,Technical error,BROKEN_FK_customer_id_to_customers
PAY003778,UNKNOWN,A1269,,3549.79,ZAR,2026-06-22,EFT,FAILED,PAYREFBC6689A6F5,Limit exceeded,BROKEN_FK_customer_id_to_customers
PAY003789,UNKNOWN,A0432,POL0188,4217.89,ZAR,2024-05-14,EFT,COMPLETED,PAYREFC17DD6B4AC,,BROKEN_FK_customer_id_to_customers
PAY003804,UNKNOWN,A1228,,231.53,ZAR,2024-08-26,CARD,COMPLETED,PAYREF0BD3409A96,,BROKEN_FK_customer_id_to_customers
PAY003850,UNKNOWN,A0585,,2029.9,ZAR,2025-06-02,CASH,COMPLETED,PAYREF4C6CDB1CFE,,BROKEN_FK_customer_id_to_customers
PAY003882,UNKNOWN,A0522,POL0052,1581.15,ZAR,2025-07-27,EFT,COMPLETED,PAYREF4C47A19917,,BROKEN_FK_customer_id_to_customers
PAY003940,UNKNOWN,A0361,POL0644,376.01,ZAR,2024-01-23,CARD,COMPLETED,PAYREFAD80DF6C78,,BROKEN_FK_customer_id_to_customers
PAY003941,UNKNOWN,A0528,,4662.97,ZAR,2025-06-10,EFT,REVERSED,PAYREF4C69FF1980,,BROKEN_FK_customer_id_to_customers
PAY003955,UNKNOWN,A0345,POL0370,364.4,ZAR,2024-04-03,CARD,COMPLETED,PAYREF307B585AD6,,BROKEN_FK_customer_id_to_customers
PAY003959,UNKNOWN,A0847,,1781.97,ZAR,2025-03-19,DEBIT_ORDER,COMPLETED,PAYREFAE0313513E,,BROKEN_FK_customer_id_to_customers
PAY003977,UNKNOWN,A1057,POL0790,770.14,ZAR,2024-12-20,MOBILE,COMPLETED,PAYREF16C7EBB6AC,,BROKEN_FK_customer_id_to_customers
PAY004082,UNKNOWN,A0611,POL0106,1761.35,ZAR,2026-08-19,EFT,COMPLETED,PAYREF59D42D084B,,BROKEN_FK_customer_id_to_customers
PAY004121,UNKNOWN,A0237,,841.64,ZAR,2024-01-22,CARD,FAILED,PAYREFC4C31CCF8E,Account closed,BROKEN_FK_customer_id_to_customers
PAY004160,UNKNOWN,A0790,,883.09,ZAR,2024-11-16,CARD,COMPLETED,PAYREFE6729F84BE,,BROKEN_FK_customer_id_to_customers
PAY004412,UNKNOWN,A1030,POL0327,487.03,ZAR,2024-02-06,EFT,COMPLETED,PAYREF72CCB9CCF7,,BROKEN_FK_customer_id_to_customers
PAY004447,UNKNOWN,A1155,POL0624,850.39,ZAR,2025-11-29,EFT,COMPLETED,PAYREF9E73181AAC,,BROKEN_FK_customer_id_to_customers
PAY004478,UNKNOWN,A1119,POL0265,453.82,ZAR,2026-06-20,CASH,COMPLETED,PAYREFB70A72DCDC,,BROKEN_FK_customer_id_to_customers
PAY004615,UNKNOWN,A0508,POL0571,462.05,ZAR,2026-08-03,EFT,COMPLETED,PAYREFA26964C292,,BROKEN_FK_customer_id_to_customers
PAY004652,UNKNOWN,A1454,,5049.27,ZAR,2025-04-20,MOBILE,COMPLETED,PAYREFC19092F0B6,,BROKEN_FK_customer_id_to_customers
PAY004677,UNKNOWN,A1219,POL0641,1115.46,ZAR,2024-05-21,CARD,COMPLETED,PAYREF58814FB70F,,BROKEN_FK_customer_id_to_customers
PAY004688,UNKNOWN,A0695,POL0047,302.91,ZAR,2025-03-12,CARD,COMPLETED,PAYREF8E128A815B,,BROKEN_FK_customer_id_to_customers
PAY004818,UNKNOWN,A1431,,474.5,ZAR,2026-04-16,DEBIT_ORDER,COMPLETED,PAYREF7C5FB8F3CB,,BROKEN_FK_customer_id_to_customers
PAY004837,UNKNOWN,A1370,,841.62,ZAR,2025-08-27,CARD,COMPLETED,PAYREF0C0E699273,,BROKEN_FK_customer_id_to_customers
PAY004921,UNKNOWN,A1130,,5384.71,ZAR,2026-01-24,CASH,COMPLETED,PAYREF64B74DB9A1,,BROKEN_FK_customer_id_to_customers
PAY004928,UNKNOWN,A0326,POL0701,1367.05,ZAR,2025-01-21,EFT,PENDING,PAYREFA79D863998,,BROKEN_FK_customer_id_to_customers
PAY004990,UNKNOWN,A1132,,1770.71,ZAR,2025-07-30,DEBIT_ORDER,COMPLETED,PAYREFE865DF136C,,BROKEN_FK_customer_id_to_customers
PAY005104,UNKNOWN,A0932,POL0432,982.22,ZAR,2026-06-19,CASH,COMPLETED,PAYREF238142F48D,,BROKEN_FK_customer_id_to_customers
PAY005119,UNKNOWN,A1499,,310.35,ZAR,2025-10-16,CARD,COMPLETED,PAYREFC785D6844F,,BROKEN_FK_customer_id_to_customers
PAY005120,UNKNOWN,A1019,POL0509,983.31,ZAR,2024-01-19,EFT,COMPLETED,PAYREF173F28F0E9,,BROKEN_FK_customer_id_to_customers
PAY005148,UNKNOWN,A0223,POL0499,4130.34,ZAR,2026-04-13,MOBILE,COMPLETED,PAYREF8A6A088ACE,,BROKEN_FK_customer_id_to_customers
PAY005170,UNKNOWN,A0647,,612.19,ZAR,2024-04-23,EFT,PENDING,PAYREF819D81AD96,,BROKEN_FK_customer_id_to_customers
PAY005197,UNKNOWN,A0687,POL0778,1521.49,ZAR,2025-11-09,DEBIT_ORDER,COMPLETED,PAYREF6DFD84A72E,,BROKEN_FK_customer_id_to_customers
PAY005221,UNKNOWN,A0837,POL0226,2198.82,ZAR,2025-08-02,DEBIT_ORDER,COMPLETED,PAYREF5266B0A5BF,,BROKEN_FK_customer_id_to_customers
PAY005358,UNKNOWN,A0326,,981.68,ZAR,2025-06-26,MOBILE,FAILED,PAYREFAB34B1F670,Invalid account,BROKEN_FK_customer_id_to_customers
PAY005363,UNKNOWN,A0447,POL0596,541.57,ZAR,2025-02-14,CARD,COMPLETED,PAYREF93265C147A,,BROKEN_FK_customer_id_to_customers
PAY005438,UNKNOWN,A0048,POL0450,1001.05,ZAR,2024-01-22,EFT,COMPLETED,PAYREFBFCE98506A,,BROKEN_FK_customer_id_to_customers
PAY005446,UNKNOWN,A0325,POL0084,793.5,ZAR,2025-04-09,CASH,COMPLETED,PAYREF3EC76B22F5,,BROKEN_FK_customer_id_to_customers
PAY005476,UNKNOWN,A0703,POL0042,860.11,ZAR,2025-09-23,CARD,COMPLETED,PAYREF677411015B,,BROKEN_FK_customer_id_to_customers
PAY005554,UNKNOWN,A0098,,359.57,ZAR,2026-08-17,CARD,PENDING,PAYREFDEB0125184,,BROKEN_FK_customer_id_to_customers
PAY005685,UNKNOWN,A1026,,644.89,ZAR,2024-03-12,EFT,COMPLETED,PAYREF74B1669EC3,,BROKEN_FK_customer_id_to_customers
PAY005696,UNKNOWN,A0351,POL0689,1763.95,ZAR,2026-09-15,MOBILE,COMPLETED,PAYREF3EA7920D79,,BROKEN_FK_customer_id_to_customers
PAY005725,UNKNOWN,A1286,POL0082,4395.32,ZAR,2024-01-13,CASH,COMPLETED,PAYREF64B7933957,,BROKEN_FK_customer_id_to_customers
PAY005876,UNKNOWN,A1456,POL0532,6939.57,ZAR,2025-02-28,CARD,COMPLETED,PAYREFCC80CB74F4,,BROKEN_FK_customer_id_to_customers
PAY005884,UNKNOWN,A0975,POL0663,818.31,ZAR,2025-01-02,EFT,COMPLETED,PAYREF4E52C2B6D2,,BROKEN_FK_customer_id_to_customers
PAY005891,UNKNOWN,A0322,,106.24,ZAR,2025-06-28,MOBILE,COMPLETED,PAYREF82C4AB9EB1,,BROKEN_FK_customer_id_to_customers
PAY005913,UNKNOWN,A0968,,409.85,ZAR,2026-04-26,CARD,COMPLETED,PAYREF103C3085B6,,BROKEN_FK_customer_id_to_customers
PAY005974,UNKNOWN,A0902,POL0728,417.33,ZAR,2024-07-19,DEBIT_ORDER,COMPLETED,PAYREFC380875A11,,BROKEN_FK_customer_id_to_customers
PAY005976,UNKNOWN,A0486,POL0169,276.87,ZAR,2025-10-05,EFT,COMPLETED,PAYREFEFE78D304F,,BROKEN_FK_customer_id_to_customers
PAY006017,UNKNOWN,A0194,POL0484,2988.74,ZAR,2025-02-20,DEBIT_ORDER,COMPLETED,PAYREFFB0E359896,,BROKEN_FK_customer_id_to_customers
PAY006030,UNKNOWN,A0390,,431.43,ZAR,2026-07-16,CASH,COMPLETED,PAYREF57E6E184C4,,BROKEN_FK_customer_id_to_customers
PAY006044,UNKNOWN,A0526,,6939.57,ZAR,2024-09-10,CASH,COMPLETED,PAYREF9866E88167,,BROKEN_FK_customer_id_to_customers
PAY006084,UNKNOWN,A1189,,704.02,ZAR,2025-12-04,MOBILE,COMPLETED,PAYREFE14D851800,,BROKEN_FK_customer_id_to_customers
PAY006094,UNKNOWN,A1475,POL0213,654.14,ZAR,2026-01-03,CASH,COMPLETED,PAYREF8DA7BD29FD,,BROKEN_FK_customer_id_to_customers
PAY006114,UNKNOWN,A1064,POL0674,200.05,ZAR,2024-02-21,CASH,COMPLETED,PAYREF1272C5660F,,BROKEN_FK_customer_id_to_customers
PAY006146,UNKNOWN,A0546,,400.7,ZAR,2024-09-05,EFT,COMPLETED,PAYREF1774BC1411,,BROKEN_FK_customer_id_to_customers
PAY006174,UNKNOWN,A1464,,1257.83,ZAR,2024-11-30,CARD,COMPLETED,PAYREF44D8331CCE,,BROKEN_FK_customer_id_to_customers
PAY006182,UNKNOWN,A1461,,5392.1,ZAR,2025-01-29,DEBIT_ORDER,COMPLETED,PAYREF336B64EC3A,,BROKEN_FK_customer_id_to_customers
PAY006260,UNKNOWN,A0322,,3733.78,ZAR,2024-03-13,CARD,COMPLETED,PAYREFD8C0EE76AD,,BROKEN_FK_customer_id_to_customers
PAY006287,UNKNOWN,A0371,POL0173,519.88,ZAR,2026-09-05,DEBIT_ORDER,COMPLETED,PAYREF8D9FA5269B,,BROKEN_FK_customer_id_to_customers
PAY006311,UNKNOWN,A0506,POL0782,790.7,ZAR,2025-07-10,CARD,COMPLETED,PAYREF886F5F49B6,,BROKEN_FK_customer_id_to_customers
PAY006351,UNKNOWN,A0310,POL0421,1490.02,ZAR,2024-02-01,DEBIT_ORDER,COMPLETED,PAYREF8D24656E38,,BROKEN_FK_customer_id_to_customers
PAY006373,UNKNOWN,A0476,POL0495,364.97,ZAR,2025-01-30,MOBILE,COMPLETED,PAYREFABE974DFBD,,BROKEN_FK_customer_id_to_customers
PAY006445,UNKNOWN,A0075,POL0490,3394.59,ZAR,2024-04-13,DEBIT_ORDER,COMPLETED,PAYREFD5B5D2A077,,BROKEN_FK_customer_id_to_customers
PAY006447,UNKNOWN,A0521,,269.48,ZAR,2025-11-25,MOBILE,COMPLETED,PAYREFA534C3D0DD,,BROKEN_FK_customer_id_to_customers
PAY006457,UNKNOWN,A1283,POL0114,856.05,ZAR,2024-05-26,CASH,FAILED,PAYREF4197C0E49F,Invalid account,BROKEN_FK_customer_id_to_customers
PAY006499,UNKNOWN,A0057,,1027.71,ZAR,2024-10-01,CARD,COMPLETED,PAYREF9AC8754945,,BROKEN_FK_customer_id_to_customers
PAY006555,UNKNOWN,A0007,,591.38,ZAR,2024-09-06,DEBIT_ORDER,COMPLETED,PAYREF72CC8441E4,,BROKEN_FK_customer_id_to_customers
PAY006599,UNKNOWN,A0069,POL0172,282.76,ZAR,2025-12-27,DEBIT_ORDER,COMPLETED,PAYREF07CC274A82,,BROKEN_FK_customer_id_to_customers
PAY006600,UNKNOWN,A0278,POL0382,560.84,ZAR,2024-10-05,CARD,COMPLETED,PAYREFCD7B226E97,,BROKEN_FK_customer_id_to_customers
PAY006611,UNKNOWN,A1165,,2173.4,ZAR,2026-03-18,EFT,COMPLETED,PAYREF79F0DBC4F1,,BROKEN_FK_customer_id_to_customers
PAY006618,UNKNOWN,A0622,,6371.74,ZAR,2026-01-07,DEBIT_ORDER,COMPLETED,PAYREF7ADDB3C678,,BROKEN_FK_customer_id_to_customers
PAY006673,UNKNOWN,A0366,,494.28,ZAR,2025-05-12,CARD,COMPLETED,PAYREF0D1B524309,,BROKEN_FK_customer_id_to_customers
PAY006692,UNKNOWN,A0157,POL0300,3016.77,ZAR,2024-11-04,CASH,COMPLETED,PAYREF65D0B55753,,BROKEN_FK_customer_id_to_customers
PAY006706,UNKNOWN,A0363,,3744.63,ZAR,2025-10-26,CARD,COMPLETED,PAYREF85C26FC2B2,,BROKEN_FK_customer_id_to_customers
PAY006710,UNKNOWN,A0305,POL0759,6939.57,ZAR,2024-10-23,CARD,COMPLETED,PAYREFC8D8707CA2,,BROKEN_FK_customer_id_to_customers
PAY006729,UNKNOWN,A1241,,2836.08,ZAR,2024-11-30,CARD,FAILED,PAYREF308459775D,Limit exceeded,BROKEN_FK_customer_id_to_customers
PAY006774,UNKNOWN,A0333,POL0645,1200.59,ZAR,2024-05-02,EFT,COMPLETED,PAYREFA0E67AF682,,BROKEN_FK_customer_id_to_customers
PAY006792,UNKNOWN,A1321,POL0411,613.71,ZAR,2025-02-05,CASH,COMPLETED,PAYREF549136872A,,BROKEN_FK_customer_id_to_customers
PAY006800,UNKNOWN,A1279,POL0187,952.28,ZAR,2025-09-30,DEBIT_ORDER,COMPLETED,PAYREF3F842D4C1F,,BROKEN_FK_customer_id_to_customers
PAY006923,UNKNOWN,A0628,,449.91,ZAR,2024-03-19,CARD,COMPLETED,PAYREF4F1D032F31,,BROKEN_FK_customer_id_to_customers
PAY006956,UNKNOWN,A0636,POL0566,503.26,ZAR,2026-06-23,MOBILE,COMPLETED,PAYREF5AAF1EF2BB,,BROKEN_FK_customer_id_to_customers
PAY007037,UNKNOWN,A1444,POL0322,1816.84,ZAR,2025-04-16,CASH,COMPLETED,PAYREF8D4B735034,,BROKEN_FK_customer_id_to_customers
PAY007053,UNKNOWN,A1171,POL0378,805.66,ZAR,2026-02-23,CASH,COMPLETED,PAYREF9115B0478D,,BROKEN_FK_customer_id_to_customers
PAY007067,UNKNOWN,A0363,POL0545,2012.69,ZAR,2024-06-19,EFT,COMPLETED,PAYREF146B2C48EF,,BROKEN_FK_customer_id_to_customers
PAY007105,UNKNOWN,A0509,POL0026,194.69,ZAR,2024-07-24,CASH,COMPLETED,PAYREF855B99B01F,,BROKEN_FK_customer_id_to_customers
PAY007112,UNKNOWN,A1365,POL0709,1848.19,ZAR,2026-09-07,CASH,COMPLETED,PAYREFC26B64B18D,,BROKEN_FK_customer_id_to_customers
PAY007126,UNKNOWN,A1065,POL0384,284.58,ZAR,2026-01-03,CASH,COMPLETED,PAYREF84BA5537B7,,BROKEN_FK_customer_id_to_customers
PAY007168,UNKNOWN,A1290,,1681.76,ZAR,2024-10-02,MOBILE,COMPLETED,PAYREFB5680FEA35,,BROKEN_FK_customer_id_to_customers
PAY007286,UNKNOWN,A1103,POL0306,810.13,ZAR,2024-05-19,DEBIT_ORDER,COMPLETED,PAYREFD85DDACD6B,,BROKEN_FK_customer_id_to_customers
PAY007330,UNKNOWN,A0264,,1318.91,ZAR,2024-05-11,CARD,PENDING,PAYREF72DEF2A96D,,BROKEN_FK_customer_id_to_customers
PAY007377,UNKNOWN,A0010,POL0074,4005.87,ZAR,2026-04-24,EFT,COMPLETED,PAYREF9DCDE9D256,,BROKEN_FK_customer_id_to_customers
PAY007382,UNKNOWN,A1064,POL0497,1046.47,ZAR,2026-06-02,EFT,FAILED,PAYREF1B7518AF93,Account closed,BROKEN_FK_customer_id_to_customers
PAY007458,UNKNOWN,A1306,POL0196,135.01,ZAR,2026-01-27,CARD,COMPLETED,PAYREFB7879EC261,,BROKEN_FK_customer_id_to_customers
PAY007468,UNKNOWN,A0757,POL0038,176.45,ZAR,2026-04-30,MOBILE,COMPLETED,PAYREFE5D76BE983,,BROKEN_FK_customer_id_to_customers
PAY007530,UNKNOWN,A0523,POL0683,1660.8,ZAR,2025-01-24,CARD,COMPLETED,PAYREFA6BF94E3AD,,BROKEN_FK_customer_id_to_customers
PAY007548,UNKNOWN,A1328,POL0758,629.69,ZAR,2026-09-07,CASH,COMPLETED,PAYREF006B014105,,BROKEN_FK_customer_id_to_customers
PAY007588,UNKNOWN,A0929,POL0164,1293.22,ZAR,2026-06-23,EFT,COMPLETED,PAYREFDC0EB69432,,BROKEN_FK_customer_id_to_customers
PAY007606,UNKNOWN,A0853,POL0323,298.43,ZAR,2025-02-05,EFT,PENDING,PAYREF0198E15110,,BROKEN_FK_customer_id_to_customers
PAY007633,UNKNOWN,A1111,POL0227,771.91,ZAR,2025-02-22,CARD,FAILED,PAYREF5CF185224D,Technical error,BROKEN_FK_customer_id_to_customers
PAY007643,UNKNOWN,A1387,,1233.7,ZAR,2026-08-27,CARD,COMPLETED,PAYREF53007AC5AE,,BROKEN_FK_customer_id_to_customers
PAY007677,UNKNOWN,A0252,POL0566,1759.75,ZAR,2026-09-12,MOBILE,COMPLETED,PAYREFB24FCA5A68,,BROKEN_FK_customer_id_to_customers
PAY007711,UNKNOWN,A0430,POL0581,1744.07,ZAR,2025-02-13,DEBIT_ORDER,COMPLETED,PAYREFCF41BDB8F8,,BROKEN_FK_customer_id_to_customers
PAY007727,UNKNOWN,A0288,POL0196,1007.48,ZAR,2025-11-29,MOBILE,COMPLETED,PAYREFDBC475EBD9,,BROKEN_FK_customer_id_to_customers
PAY007736,UNKNOWN,A0491,POL0342,3473.53,ZAR,2026-04-14,MOBILE,COMPLETED,PAYREFD800A0E78D,,BROKEN_FK_customer_id_to_customers
PAY007743,UNKNOWN,A0611,POL0766,914.46,ZAR,2024-11-02,CASH,COMPLETED,PAYREF980B07D033,,BROKEN_FK_customer_id_to_customers
PAY007800,UNKNOWN,A1272,POL0026,358.98,ZAR,2024-02-28,DEBIT_ORDER,COMPLETED,PAYREF0D10F8B194,,BROKEN_FK_customer_id_to_customers
PAY007805,UNKNOWN,A1171,POL0229,3458.15,ZAR,2024-02-02,DEBIT_ORDER,COMPLETED,PAYREF22C01AC0D5,,BROKEN_FK_customer_id_to_customers
PAY007842,UNKNOWN,A0845,,6939.57,ZAR,2025-06-10,EFT,COMPLETED,PAYREFD5428A05B0,,BROKEN_FK_customer_id_to_customers
PAY007867,UNKNOWN,A0308,,2581.1,ZAR,2025-01-11,MOBILE,COMPLETED,PAYREF3DC2D3388F,,BROKEN_FK_customer_id_to_customers
PAY007911,UNKNOWN,A0183,,1049.96,ZAR,2025-05-23,CASH,COMPLETED,PAYREF78039E423C,,BROKEN_FK_customer_id_to_customers
PAY007972,UNKNOWN,A0968,,1819.56,ZAR,2024-05-29,MOBILE,COMPLETED,PAYREFDFD89B359B,,BROKEN_FK_customer_id_to_customers
PAY008049,UNKNOWN,A0273,POL0123,352.39,ZAR,2026-04-27,DEBIT_ORDER,COMPLETED,PAYREFACDC1988B5,,BROKEN_FK_customer_id_to_customers
PAY008063,UNKNOWN,A1036,,1102.755,ZAR,2026-02-21,CARD,COMPLETED,PAYREFD21F7B82B5,,BROKEN_FK_customer_id_to_customers
PAY008084,UNKNOWN,A0647,POL0574,788.31,ZAR,2026-01-29,EFT,COMPLETED,PAYREF052F1F707F,,BROKEN_FK_customer_id_to_customers
PAY008090,UNKNOWN,A1098,,299.28,ZAR,2025-09-29,MOBILE,PENDING,PAYREF937E46930E,,BROKEN_FK_customer_id_to_customers
PAY008130,UNKNOWN,A0103,,262.76,ZAR,2025-11-27,CASH,COMPLETED,PAYREF33DE683103,,BROKEN_FK_customer_id_to_customers
PAY008131,UNKNOWN,A0416,POL0193,1401.82,ZAR,2026-02-03,CASH,COMPLETED,PAYREFD191CD2CDA,,BROKEN_FK_customer_id_to_customers
PAY008225,UNKNOWN,A0768,POL0708,1336.01,ZAR,2025-08-05,CARD,COMPLETED,PAYREF29A70D2137,,BROKEN_FK_customer_id_to_customers
PAY008302,UNKNOWN,A0279,POL0127,1102.755,ZAR,2024-11-13,EFT,COMPLETED,PAYREFE7F7247C55,,BROKEN_FK_customer_id_to_customers
PAY008314,UNKNOWN,A1496,,1851.23,ZAR,2025-05-10,EFT,COMPLETED,PAYREFF220F35582,,BROKEN_FK_customer_id_to_customers
PAY008363,UNKNOWN,A1316,POL0127,734.44,ZAR,2024-12-10,CASH,COMPLETED,PAYREFB5D83ECB94,,BROKEN_FK_customer_id_to_customers
PAY008417,UNKNOWN,A0249,POL0296,2050.92,ZAR,2025-02-21,MOBILE,COMPLETED,PAYREF229D5905F7,,BROKEN_FK_customer_id_to_customers
PAY008443,UNKNOWN,A0264,POL0411,4411.16,ZAR,2025-09-13,CARD,PENDING,PAYREFCDA0318060,,BROKEN_FK_customer_id_to_customers
PAY008482,UNKNOWN,A0498,,192.0,ZAR,2024-04-23,CARD,PENDING,PAYREF7FB125030F,,BROKEN_FK_customer_id_to_customers
PAY008558,UNKNOWN,A0372,POL0432,2385.84,ZAR,2024-03-04,CASH,COMPLETED,PAYREF01CE669A36,,BROKEN_FK_customer_id_to_customers
PAY008567,UNKNOWN,A0946,,417.18,ZAR,2026-07-27,CARD,COMPLETED,PAYREFC3E909C328,,BROKEN_FK_customer_id_to_customers
PAY008598,UNKNOWN,A0478,POL0409,219.32,ZAR,2024-06-27,EFT,COMPLETED,PAYREFB9F2EC5BC2,,BROKEN_FK_customer_id_to_customers
PAY008673,UNKNOWN,A1227,POL0417,1165.82,ZAR,2025-03-21,EFT,COMPLETED,PAYREF330F2AB06A,,BROKEN_FK_customer_id_to_customers
PAY008676,UNKNOWN,A1166,,531.87,ZAR,2025-11-28,CASH,COMPLETED,PAYREF86F721E349,,BROKEN_FK_customer_id_to_customers
PAY008748,UNKNOWN,A0093,POL0632,1102.755,ZAR,2024-06-26,CASH,PENDING,PAYREFA9A9614764,,BROKEN_FK_customer_id_to_customers
PAY008755,UNKNOWN,A1492,POL0136,2019.59,ZAR,2024-07-18,MOBILE,COMPLETED,PAYREFAF96DE368B,,BROKEN_FK_customer_id_to_customers
PAY008828,UNKNOWN,A1151,POL0711,1102.755,ZAR,2025-09-15,MOBILE,COMPLETED,PAYREF733A1F3DDC,,BROKEN_FK_customer_id_to_customers
PAY008911,UNKNOWN,A0601,POL0257,830.14,ZAR,2025-08-15,MOBILE,FAILED,PAYREF15660FD8A9,Invalid account,BROKEN_FK_customer_id_to_customers
PAY008931,UNKNOWN,A0350,,191.15,ZAR,2026-05-24,DEBIT_ORDER,COMPLETED,PAYREF8BCD52EB56,,BROKEN_FK_customer_id_to_customers
PAY008938,UNKNOWN,A0347,POL0029,5234.51,ZAR,2024-07-07,CARD,COMPLETED,PAYREF814A6C4CA1,,BROKEN_FK_customer_id_to_customers
PAY008972,UNKNOWN,A1118,POL0255,5216.93,ZAR,2025-11-02,DEBIT_ORDER,COMPLETED,PAYREF5DA0D00B18,,BROKEN_FK_customer_id_to_customers
PAY009010,UNKNOWN,A1255,POL0404,765.64,ZAR,2025-06-24,DEBIT_ORDER,COMPLETED,PAYREFB990E36FFD,,BROKEN_FK_customer_id_to_customers
PAY009041,UNKNOWN,A1120,POL0471,387.32,ZAR,2025-04-21,DEBIT_ORDER,COMPLETED,PAYREF6B55B783C1,,BROKEN_FK_customer_id_to_customers
PAY009103,UNKNOWN,A0649,,709.45,ZAR,2026-01-24,CASH,COMPLETED,PAYREFE44D4B2B68,,BROKEN_FK_customer_id_to_customers
PAY009147,UNKNOWN,A0791,POL0341,1016.45,ZAR,2024-02-25,CASH,COMPLETED,PAYREFA595709F6B,,BROKEN_FK_customer_id_to_customers
PAY009165,UNKNOWN,A0305,POL0133,515.13,ZAR,2025-11-18,EFT,COMPLETED,PAYREFD39A2A52FA,,BROKEN_FK_customer_id_to_customers
PAY009260,UNKNOWN,A0036,,916.43,ZAR,2025-07-05,EFT,PENDING,PAYREFCBF67C549C,,BROKEN_FK_customer_id_to_customers
PAY009286,UNKNOWN,A0362,POL0031,134.26,ZAR,2026-03-01,MOBILE,COMPLETED,PAYREFBC1971853C,,BROKEN_FK_customer_id_to_customers
PAY009298,UNKNOWN,A0012,POL0211,2199.21,ZAR,2025-02-19,EFT,COMPLETED,PAYREF52F02F7F85,,BROKEN_FK_customer_id_to_customers
PAY009307,UNKNOWN,A0370,POL0718,856.55,ZAR,2024-03-23,DEBIT_ORDER,COMPLETED,PAYREFFE1DBCF4C0,,BROKEN_FK_customer_id_to_customers
PAY009312,UNKNOWN,A0563,,856.91,ZAR,2024-07-05,DEBIT_ORDER,FAILED,PAYREFD9D50D80C1,Account closed,BROKEN_FK_customer_id_to_customers
PAY009397,UNKNOWN,A1421,POL0319,893.32,ZAR,2024-03-01,CARD,COMPLETED,PAYREFBA2EBB9143,,BROKEN_FK_customer_id_to_customers
PAY009507,UNKNOWN,A0848,POL0535,2834.49,ZAR,2025-01-02,MOBILE,REVERSED,PAYREF83A9C3D325,,BROKEN_FK_customer_id_to_customers
PAY009756,UNKNOWN,A0113,POL0370,1325.18,ZAR,2024-08-18,CASH,COMPLETED,PAYREF19CBE13695,,BROKEN_FK_customer_id_to_customers
PAY009811,UNKNOWN,A1103,POL0455,914.79,ZAR,2026-05-30,DEBIT_ORDER,COMPLETED,PAYREFC086318C3C,,BROKEN_FK_customer_id_to_customers
PAY009868,UNKNOWN,A0231,POL0214,1160.36,ZAR,2024-11-15,EFT,COMPLETED,PAYREFDDF99F7974,,BROKEN_FK_customer_id_to_customers
PAY009932,UNKNOWN,A0944,,1102.755,ZAR,2024-08-17,MOBILE,COMPLETED,PAYREF6E45D9A43B,,BROKEN_FK_customer_id_to_customers
PAY000037,C0373,A0380,,6939.57,ZAR,2026-06-22,CASH,COMPLETED,PAYREFD32B473F26,,BROKEN_FK_account_id_to_accounts
PAY000140,C0644,A0779,,1628.1,ZAR,2025-12-26,MOBILE,PENDING,PAYREFF81349D1B3,,BROKEN_FK_account_id_to_accounts
PAY000192,C0852,A1330,,4836.84,ZAR,2025-10-22,CARD,COMPLETED,PAYREFD7E49C3FE6,,BROKEN_FK_account_id_to_accounts
PAY000265,C0252,A0556,POL0028,1102.755,ZAR,2025-06-29,MOBILE,COMPLETED,PAYREFF71F2B038D,,BROKEN_FK_account_id_to_accounts
PAY000268,C0667,A0469,,1205.62,ZAR,2026-01-17,MOBILE,COMPLETED,PAYREFFEC38C4764,,BROKEN_FK_account_id_to_accounts
PAY000318,C0475,A1181,POL0396,1205.21,ZAR,2025-11-01,MOBILE,PENDING,PAYREF785359D6AA,,BROKEN_FK_account_id_to_accounts
PAY000337,C0271,A0141,,3132.81,ZAR,2024-12-08,CASH,FAILED,PAYREF6288C73ED4,Technical error,BROKEN_FK_account_id_to_accounts
PAY000373,C0125,A1330,,6939.57,ZAR,2026-01-28,MOBILE,COMPLETED,PAYREFD9E3147D90,,BROKEN_FK_account_id_to_accounts
PAY000407,C0620,A0448,,504.87,ZAR,2025-07-26,CARD,FAILED,PAYREF06DCB5605E,Limit exceeded,BROKEN_FK_account_id_to_accounts
PAY000421,C0607,A1444,,1102.65,ZAR,2024-05-18,CARD,COMPLETED,PAYREFDD653DDADD,,BROKEN_FK_account_id_to_accounts
PAY000444,C0128,A0345,,68.41,ZAR,2024-12-07,DEBIT_ORDER,COMPLETED,PAYREF02C18B2958,,BROKEN_FK_account_id_to_accounts
PAY000450,C0522,A0418,POL0282,164.02,ZAR,2025-01-03,CARD,PENDING,PAYREFDE4F2E1FAC,,BROKEN_FK_account_id_to_accounts
PAY000501,C0050,A1169,POL0463,653.39,ZAR,2025-05-20,EFT,REVERSED,PAYREF5918A10FD3,,BROKEN_FK_account_id_to_accounts
PAY000515,C0857,A1025,POL0385,418.26,ZAR,2026-09-12,MOBILE,COMPLETED,PAYREF02263B1E2B,,BROKEN_FK_account_id_to_accounts
PAY000537,C0793,A0790,,1245.61,ZAR,2025-11-27,MOBILE,PENDING,PAYREF912FF9E7B8,,BROKEN_FK_account_id_to_accounts
PAY000632,C0827,A0556,POL0728,3020.94,ZAR,2024-02-08,EFT,FAILED,PAYREF604EEAA4A6,Technical error,BROKEN_FK_account_id_to_accounts
PAY000635,C0074,A0380,,1000.61,ZAR,2024-03-10,CASH,COMPLETED,PAYREFD3B3E9CEC9,,BROKEN_FK_account_id_to_accounts
PAY000671,C0626,A0572,POL0481,418.92,ZAR,2024-01-05,EFT,COMPLETED,PAYREFF219C7E72D,,BROKEN_FK_account_id_to_accounts
PAY000674,C0804,A0938,POL0175,3914.02,ZAR,2025-04-01,DEBIT_ORDER,COMPLETED,PAYREF9C09927FBD,,BROKEN_FK_account_id_to_accounts
PAY000677,C0504,A0422,,1694.32,ZAR,2025-12-08,CARD,COMPLETED,PAYREFBBE1FA2373,,BROKEN_FK_account_id_to_accounts
PAY000758,C0467,A1314,POL0785,638.26,ZAR,2026-07-03,EFT,COMPLETED,PAYREF3894E1BF9C,,BROKEN_FK_account_id_to_accounts
PAY000770,C0337,A1146,,2161.04,ZAR,2025-01-05,EFT,COMPLETED,PAYREFCEF554637A,,BROKEN_FK_account_id_to_accounts
PAY000834,C0009,A0994,POL0119,835.32,ZAR,2025-08-03,MOBILE,PENDING,PAYREFFB89C24053,,BROKEN_FK_account_id_to_accounts
PAY000938,C0565,A0694,POL0436,414.47,ZAR,2026-04-04,CARD,COMPLETED,PAYREF9192F3CDBA,,BROKEN_FK_account_id_to_accounts
PAY000960,C0086,A1146,POL0635,579.79,ZAR,2026-02-22,EFT,COMPLETED,PAYREFC0C1003049,,BROKEN_FK_account_id_to_accounts
PAY000988,C0909,A0473,POL0599,4508.78,ZAR,2025-09-24,DEBIT_ORDER,COMPLETED,PAYREF3B31B8D4A5,,BROKEN_FK_account_id_to_accounts
PAY001019,C0214,A0672,,1100.26,ZAR,2025-05-01,CASH,COMPLETED,PAYREF416BFF8A45,,BROKEN_FK_account_id_to_accounts
PAY001027,C0464,A0544,POL0011,709.06,ZAR,2026-08-02,CARD,COMPLETED,PAYREF24CEF1EA95,,BROKEN_FK_account_id_to_accounts
PAY001030,C0631,A1438,POL0024,998.89,ZAR,2026-01-19,MOBILE,COMPLETED,PAYREF8E7D050F75,,BROKEN_FK_account_id_to_accounts
PAY001031,C0497,A1065,,353.7,ZAR,2024-03-21,DEBIT_ORDER,COMPLETED,PAYREFFFFE384662,,BROKEN_FK_account_id_to_accounts
PAY001065,C0342,A1330,POL0364,6939.57,ZAR,2026-05-27,MOBILE,COMPLETED,PAYREFDCFBFAA380,,BROKEN_FK_account_id_to_accounts
PAY001066,C0607,A0519,POL0674,698.56,ZAR,2025-08-02,CASH,FAILED,PAYREF1DE1658B8A,Limit exceeded,BROKEN_FK_account_id_to_accounts
PAY001076,C0582,A0448,POL0097,313.73,ZAR,2025-11-20,DEBIT_ORDER,COMPLETED,PAYREF2DAC811E73,,BROKEN_FK_account_id_to_accounts
PAY001098,C0385,A0418,,1036.28,ZAR,2024-01-12,DEBIT_ORDER,PENDING,PAYREF6AB3407E31,,BROKEN_FK_account_id_to_accounts
PAY001114,C0178,A0452,POL0085,6939.57,ZAR,2024-07-25,MOBILE,COMPLETED,PAYREFE686BE64F7,,BROKEN_FK_account_id_to_accounts
PAY001155,C0479,A1169,,419.19,ZAR,2025-11-01,CASH,COMPLETED,PAYREF03EA1C8507,,BROKEN_FK_account_id_to_accounts
PAY001186,C0986,A1487,POL0322,155.46,ZAR,2025-12-22,EFT,COMPLETED,PAYREF2FCB443925,,BROKEN_FK_account_id_to_accounts
PAY001205,C0636,A0436,,482.85,ZAR,2024-04-18,EFT,COMPLETED,PAYREF3B88390CBE,,BROKEN_FK_account_id_to_accounts
PAY001214,C0462,A0418,,6939.57,ZAR,2026-07-02,CASH,COMPLETED,PAYREF3FA614FDC5,,BROKEN_FK_account_id_to_accounts
PAY001276,C0397,A0699,POL0758,4321.13,ZAR,2025-04-13,EFT,COMPLETED,PAYREF19666143C8,,BROKEN_FK_account_id_to_accounts
PAY001291,C0225,A0943,,526.83,ZAR,2024-01-26,CARD,FAILED,PAYREF61E6C21415,Invalid account,BROKEN_FK_account_id_to_accounts
PAY001305,C0209,A0937,POL0067,5530.37,ZAR,2024-08-14,EFT,COMPLETED,PAYREF1B7D8CBA8B,,BROKEN_FK_account_id_to_accounts
PAY001314,C0408,A0672,POL0688,5002.24,ZAR,2024-02-01,MOBILE,PENDING,PAYREFD593133306,,BROKEN_FK_account_id_to_accounts
PAY001316,C0634,A0937,,6939.57,ZAR,2024-08-11,MOBILE,COMPLETED,PAYREF611FA7BD89,,BROKEN_FK_account_id_to_accounts
PAY001343,C0739,A0572,,2812.9,ZAR,2024-07-02,DEBIT_ORDER,COMPLETED,PAYREF965C16676A,,BROKEN_FK_account_id_to_accounts
PAY001352,C0857,A1438,POL0321,832.6,ZAR,2024-01-12,CASH,COMPLETED,PAYREF588A4BAE7C,,BROKEN_FK_account_id_to_accounts
PAY001373,C0036,A0305,POL0415,848.8,ZAR,2026-07-22,CARD,COMPLETED,PAYREFCE5ECAB8FC,,BROKEN_FK_account_id_to_accounts
PAY001441,C0915,A0400,POL0516,4063.7,ZAR,2025-10-03,EFT,COMPLETED,PAYREF49EDCEDA2B,,BROKEN_FK_account_id_to_accounts
PAY001498,C0552,A0291,POL0456,3717.18,ZAR,2024-07-27,MOBILE,COMPLETED,PAYREF6C6C24FD56,,BROKEN_FK_account_id_to_accounts
PAY001508,C0463,A1444,POL0082,1159.95,ZAR,2025-04-30,EFT,COMPLETED,PAYREF6A9C01E38A,,BROKEN_FK_account_id_to_accounts
PAY001540,C0889,A1314,,754.08,ZAR,2026-08-06,DEBIT_ORDER,COMPLETED,PAYREF6E9660D9EB,,BROKEN_FK_account_id_to_accounts
PAY001550,C0509,A0779,,488.51,ZAR,2024-08-29,MOBILE,COMPLETED,PAYREFAC9F61ED63,,BROKEN_FK_account_id_to_accounts
PAY001566,C0621,A0422,,101.37,ZAR,2025-04-17,MOBILE,PENDING,PAYREF8D360AF3B8,,BROKEN_FK_account_id_to_accounts
PAY001569,C0370,A0656,,2595.86,ZAR,2026-03-25,CARD,COMPLETED,PAYREFB66DAC57BB,,BROKEN_FK_account_id_to_accounts
PAY001603,C0414,A0473,,1206.65,ZAR,2024-12-24,DEBIT_ORDER,COMPLETED,PAYREF3AE868A6AE,,BROKEN_FK_account_id_to_accounts
PAY001604,C0548,A0943,POL0367,593.01,ZAR,2024-12-22,CARD,COMPLETED,PAYREFF27F8F4638,,BROKEN_FK_account_id_to_accounts
PAY001644,C0694,A0572,,3587.02,ZAR,2026-08-24,CASH,COMPLETED,PAYREF1DE67FC3BF,,BROKEN_FK_account_id_to_accounts
PAY001667,C0588,A0994,,1524.27,ZAR,2026-02-11,EFT,COMPLETED,PAYREF1A0351E364,,BROKEN_FK_account_id_to_accounts
PAY001668,C0174,A1438,,458.28,ZAR,2026-03-20,MOBILE,COMPLETED,PAYREF8646490878,,BROKEN_FK_account_id_to_accounts
PAY001789,C0398,A1025,POL0051,1226.08,ZAR,2025-05-19,EFT,COMPLETED,PAYREF6A3FFC6529,,BROKEN_FK_account_id_to_accounts
PAY001791,C0274,A0694,POL0793,4328.12,ZAR,2025-11-07,EFT,FAILED,PAYREF6C834845F7,Account closed,BROKEN_FK_account_id_to_accounts
PAY001834,C0235,A1169,POL0385,2059.22,ZAR,2025-10-13,CARD,COMPLETED,PAYREFAD70768168,,BROKEN_FK_account_id_to_accounts
PAY001855,C0020,A0436,,239.83,ZAR,2025-11-28,EFT,COMPLETED,PAYREF6598CD0872,,BROKEN_FK_account_id_to_accounts
PAY001883,C0787,A0282,POL0295,2304.02,ZAR,2026-05-10,MOBILE,COMPLETED,PAYREF523C9EF0EB,,BROKEN_FK_account_id_to_accounts
PAY001951,C0326,A0699,POL0449,4949.22,ZAR,2026-04-25,EFT,COMPLETED,PAYREFB7A191F7DD,,BROKEN_FK_account_id_to_accounts
PAY001996,C0082,A1330,POL0506,4270.25,ZAR,2025-03-02,MOBILE,COMPLETED,PAYREF29A3C9C713,,BROKEN_FK_account_id_to_accounts
PAY002033,C0850,A0452,POL0223,211.78,ZAR,2025-08-19,MOBILE,COMPLETED,PAYREF8500839D7D,,BROKEN_FK_account_id_to_accounts
PAY002056,C0622,A0694,,1073.05,ZAR,2024-04-25,EFT,FAILED,PAYREF6A19A3240A,Account closed,BROKEN_FK_account_id_to_accounts
PAY002089,C0844,A0305,POL0386,167.44,ZAR,2026-08-24,CARD,COMPLETED,PAYREF671F9A5484,,BROKEN_FK_account_id_to_accounts
PAY002172,C0728,A0699,,1810.21,ZAR,2025-09-24,MOBILE,COMPLETED,PAYREFEBE0A08EAC,,BROKEN_FK_account_id_to_accounts
PAY002247,C0031,A0469,POL0604,1648.33,ZAR,2026-07-24,CASH,COMPLETED,PAYREFCFFE89B712,,BROKEN_FK_account_id_to_accounts
PAY002262,C0546,A0589,POL0518,2606.16,ZAR,2026-01-14,CARD,REVERSED,PAYREFBD95324A4C,,BROKEN_FK_account_id_to_accounts
PAY002269,C0456,A1181,,6939.57,ZAR,2024-07-11,CASH,COMPLETED,PAYREF155505858A,,BROKEN_FK_account_id_to_accounts
PAY002274,C0778,A0469,POL0679,5037.96,ZAR,2025-02-12,CARD,COMPLETED,PAYREFAC5535E82E,,BROKEN_FK_account_id_to_accounts
PAY002294,C0585,A0563,POL0116,4001.13,ZAR,2026-09-12,MOBILE,COMPLETED,PAYREFF735877067,,BROKEN_FK_account_id_to_accounts
PAY002327,C0785,A0415,,643.44,ZAR,2025-02-09,CARD,COMPLETED,PAYREF1AC5F08BD3,,BROKEN_FK_account_id_to_accounts
PAY002340,C0461,A0790,POL0382,1215.3,ZAR,2024-07-21,EFT,FAILED,PAYREF1C8BA92E1D,Insufficient funds,BROKEN_FK_account_id_to_accounts
PAY002415,C0902,A0469,POL0641,328.53,ZAR,2026-06-13,MOBILE,COMPLETED,PAYREFAEAAFEAD53,,BROKEN_FK_account_id_to_accounts
PAY002556,C0967,A0943,POL0618,1706.82,ZAR,2026-04-14,DEBIT_ORDER,COMPLETED,PAYREF1EC1FB0CAD,,BROKEN_FK_account_id_to_accounts
PAY002580,C0683,A0380,,808.64,ZAR,2024-01-31,MOBILE,COMPLETED,PAYREF8F19F586D7,,BROKEN_FK_account_id_to_accounts
PAY002616,C0088,A0994,,389.61,ZAR,2024-03-02,MOBILE,COMPLETED,PAYREF3582394673,,BROKEN_FK_account_id_to_accounts
PAY002673,C0969,A0699,POL0722,2279.6,ZAR,2025-06-24,MOBILE,COMPLETED,PAYREFBC5DFDA631,,BROKEN_FK_account_id_to_accounts
PAY002705,C0252,A1330,,1046.74,ZAR,2026-07-08,MOBILE,FAILED,PAYREFB7BF52471A,Technical error,BROKEN_FK_account_id_to_accounts
PAY002719,C0167,A0436,,3394.4,ZAR,2026-04-12,CASH,COMPLETED,PAYREF63F596A255,,BROKEN_FK_account_id_to_accounts
PAY002767,C0911,A0699,,694.13,ZAR,2026-07-19,CASH,COMPLETED,PAYREF68F43F1C0F,,BROKEN_FK_account_id_to_accounts
PAY002798,C0469,A1386,POL0568,3469.48,ZAR,2025-12-28,CASH,COMPLETED,PAYREFB96ED2A211,,BROKEN_FK_account_id_to_accounts
PAY002855,C0555,A0790,,3748.57,ZAR,2026-06-20,MOBILE,COMPLETED,PAYREFBE16DCF9AF,,BROKEN_FK_account_id_to_accounts
PAY002868,C0123,A0418,,1509.93,ZAR,2024-05-15,CASH,COMPLETED,PAYREFCB0701D848,,BROKEN_FK_account_id_to_accounts
PAY002888,C0103,A0282,,3243.02,ZAR,2024-02-03,DEBIT_ORDER,FAILED,PAYREF6DED927FC6,Invalid account,BROKEN_FK_account_id_to_accounts
PAY002922,C0384,A0694,,693.0,ZAR,2026-07-21,DEBIT_ORDER,COMPLETED,PAYREF5B1669CEB5,,BROKEN_FK_account_id_to_accounts
PAY002979,C0057,A0572,POL0660,6939.57,ZAR,2024-07-09,CARD,COMPLETED,PAYREFFD0254FB09,,BROKEN_FK_account_id_to_accounts
PAY002999,C0857,A1146,POL0312,1056.69,ZAR,2024-10-05,CARD,COMPLETED,PAYREF323CC067E9,,BROKEN_FK_account_id_to_accounts
PAY003214,C0861,A0589,POL0539,2884.27,ZAR,2026-05-01,EFT,COMPLETED,PAYREF97BB101543,,BROKEN_FK_account_id_to_accounts
PAY003218,C0384,A0519,POL0058,1631.55,ZAR,2026-02-16,CARD,COMPLETED,PAYREFA495BB9DA8,,BROKEN_FK_account_id_to_accounts
PAY003229,C0872,A0519,,929.52,ZAR,2026-05-12,CARD,COMPLETED,PAYREFB86FD8C361,,BROKEN_FK_account_id_to_accounts
PAY003245,C0159,A0672,POL0737,1584.62,ZAR,2026-05-27,MOBILE,COMPLETED,PAYREF0EA23A300E,,BROKEN_FK_account_id_to_accounts
PAY003274,C0292,A1190,POL0280,3644.58,ZAR,2024-05-16,CARD,COMPLETED,PAYREFB32702340B,,BROKEN_FK_account_id_to_accounts
PAY003280,C0926,A1444,POL0229,858.72,ZAR,2024-05-25,CARD,PENDING,PAYREF534083A649,,BROKEN_FK_account_id_to_accounts
PAY003286,C0244,A1330,POL0604,479.45,ZAR,2024-07-24,CARD,PENDING,PAYREF9207042589,,BROKEN_FK_account_id_to_accounts
PAY003289,C0408,A0345,POL0758,1899.6,ZAR,2026-02-05,EFT,FAILED,PAYREFABBE0BD373,Limit exceeded,BROKEN_FK_account_id_to_accounts
PAY003311,C0855,A0380,POL0581,1044.43,ZAR,2024-06-08,CASH,COMPLETED,PAYREFEEE45518E3,,BROKEN_FK_account_id_to_accounts
PAY003388,C0484,A0672,POL0353,6939.57,ZAR,2024-05-23,CASH,COMPLETED,PAYREFEEC91EECA7,,BROKEN_FK_account_id_to_accounts
PAY003396,C0126,A0563,,1102.755,ZAR,2026-08-10,DEBIT_ORDER,COMPLETED,PAYREFAAAF2314A4,,BROKEN_FK_account_id_to_accounts
PAY003400,C0986,A0452,POL0712,200.69,ZAR,2024-09-10,MOBILE,COMPLETED,PAYREFCBDCFD5A1A,,BROKEN_FK_account_id_to_accounts
PAY003403,C0849,A1169,POL0229,1102.755,ZAR,2026-07-15,DEBIT_ORDER,COMPLETED,PAYREF96A7692B86,,BROKEN_FK_account_id_to_accounts
PAY003460,C0056,A1487,,1084.83,ZAR,2026-03-03,MOBILE,COMPLETED,PAYREFB6560DEF27,,BROKEN_FK_account_id_to_accounts
PAY003465,C0635,A0380,POL0312,1348.41,ZAR,2025-05-22,MOBILE,REVERSED,PAYREF5338E5681F,,BROKEN_FK_account_id_to_accounts
PAY003484,C0240,A1190,POL0449,784.53,ZAR,2024-01-13,CARD,FAILED,PAYREF493248C19F,Account closed,BROKEN_FK_account_id_to_accounts
PAY003491,C0153,A1205,,1435.4,ZAR,2025-03-03,EFT,COMPLETED,PAYREF417A4BC449,,BROKEN_FK_account_id_to_accounts
PAY003496,C0041,A0563,POL0026,1597.56,ZAR,2026-06-30,CASH,COMPLETED,PAYREF95B061210E,,BROKEN_FK_account_id_to_accounts
PAY003508,C0831,A1065,POL0162,3466.95,ZAR,2025-02-16,MOBILE,COMPLETED,PAYREF33A9176701,,BROKEN_FK_account_id_to_accounts
PAY003521,C0888,A1200,POL0693,3897.42,ZAR,2024-10-20,MOBILE,COMPLETED,PAYREF401B02C845,,BROKEN_FK_account_id_to_accounts
PAY003526,C0235,A1444,POL0033,2055.81,ZAR,2024-07-02,EFT,COMPLETED,PAYREF8211EF15D1,,BROKEN_FK_account_id_to_accounts
PAY003543,C0967,A0380,POL0088,1083.67,ZAR,2026-01-23,DEBIT_ORDER,COMPLETED,PAYREFB7F18A6D21,,BROKEN_FK_account_id_to_accounts
PAY003569,C0323,A0473,POL0530,3929.59,ZAR,2024-03-31,MOBILE,COMPLETED,PAYREFD779252A88,,BROKEN_FK_account_id_to_accounts
PAY003641,C0427,A0672,,421.76,ZAR,2024-09-26,EFT,COMPLETED,PAYREF0E9C25A613,,BROKEN_FK_account_id_to_accounts
PAY003644,C0780,A0943,POL0401,525.53,ZAR,2024-10-10,CASH,COMPLETED,PAYREF6FD182B718,,BROKEN_FK_account_id_to_accounts
PAY003658,C0105,A0937,POL0142,608.77,ZAR,2024-08-07,MOBILE,COMPLETED,PAYREF925710ACFD,,BROKEN_FK_account_id_to_accounts
PAY003692,C0464,A0779,,6160.78,ZAR,2025-12-17,MOBILE,COMPLETED,PAYREF17850C3B0F,,BROKEN_FK_account_id_to_accounts
PAY003709,C0859,A0699,POL0405,793.46,ZAR,2025-01-06,CASH,COMPLETED,PAYREF94407CEEC5,,BROKEN_FK_account_id_to_accounts
PAY003752,C0921,A1444,POL0137,979.03,ZAR,2024-04-22,DEBIT_ORDER,COMPLETED,PAYREF01CC47A729,,BROKEN_FK_account_id_to_accounts
PAY003790,C0102,A1169,POL0465,251.23,ZAR,2026-01-22,DEBIT_ORDER,REVERSED,PAYREFD8E21BC698,,BROKEN_FK_account_id_to_accounts
PAY003794,C0747,A1200,POL0067,478.88,ZAR,2025-11-04,CARD,COMPLETED,PAYREFBBB6C513B7,,BROKEN_FK_account_id_to_accounts
PAY003844,C0546,A0469,POL0469,762.82,ZAR,2024-07-21,CASH,COMPLETED,PAYREFE24A95FD5B,,BROKEN_FK_account_id_to_accounts
PAY003845,C0875,A0436,POL0726,935.68,ZAR,2025-12-20,MOBILE,COMPLETED,PAYREFE2521133A5,,BROKEN_FK_account_id_to_accounts
PAY003859,C0835,A0469,POL0595,4520.2,ZAR,2024-06-21,CASH,PENDING,PAYREF76259A4F0B,,BROKEN_FK_account_id_to_accounts
PAY003913,C0788,A0556,POL0475,1442.99,ZAR,2024-05-19,CASH,FAILED,PAYREFC753E03FB2,Account closed,BROKEN_FK_account_id_to_accounts
PAY003972,C0529,A0779,POL0736,2046.85,ZAR,2026-09-02,MOBILE,COMPLETED,PAYREFB068CB82CD,,BROKEN_FK_account_id_to_accounts
PAY004013,C0295,A0415,,1233.85,ZAR,2026-07-08,MOBILE,PENDING,PAYREF5580433B09,,BROKEN_FK_account_id_to_accounts
PAY004062,C0193,A0400,POL0742,617.95,ZAR,2025-11-30,MOBILE,COMPLETED,PAYREF1BCEBE4829,,BROKEN_FK_account_id_to_accounts
PAY004137,C0161,A0790,POL0347,760.4,ZAR,2025-11-14,EFT,COMPLETED,PAYREFA82EBF36B4,,BROKEN_FK_account_id_to_accounts
PAY004184,C0670,A1438,,1691.69,ZAR,2026-04-12,MOBILE,FAILED,PAYREF15C41A668F,Insufficient funds,BROKEN_FK_account_id_to_accounts
PAY004249,C0633,A1065,POL0013,1131.35,ZAR,2024-11-01,MOBILE,PENDING,PAYREF13B183C5A2,,BROKEN_FK_account_id_to_accounts
PAY004277,C0182,A0519,POL0371,3590.59,ZAR,2024-11-02,DEBIT_ORDER,COMPLETED,PAYREF7E81CDBE7B,,BROKEN_FK_account_id_to_accounts
PAY004287,C0546,A0436,,45.61,ZAR,2026-05-05,MOBILE,COMPLETED,PAYREFE9671FB93F,,BROKEN_FK_account_id_to_accounts
PAY004307,C0632,A0572,POL0703,1562.34,ZAR,2025-11-06,EFT,PENDING,PAYREFE3EFB825D3,,BROKEN_FK_account_id_to_accounts
PAY004337,C0383,A1236,POL0393,6939.57,ZAR,2025-12-09,CASH,COMPLETED,PAYREF04F1392854,,BROKEN_FK_account_id_to_accounts
PAY004349,C0084,A0556,,302.27,ZAR,2025-02-15,CASH,COMPLETED,PAYREFF198847B1E,,BROKEN_FK_account_id_to_accounts
PAY004367,C0586,A1438,,1102.755,ZAR,2025-05-14,MOBILE,COMPLETED,PAYREF2665694D43,,BROKEN_FK_account_id_to_accounts
PAY004374,C0962,A0937,,562.46,ZAR,2024-06-08,CASH,COMPLETED,PAYREF2DDFE21E45,,BROKEN_FK_account_id_to_accounts
PAY004375,C0429,A0779,,345.05,ZAR,2025-07-22,CASH,COMPLETED,PAYREFDABB15E076,,BROKEN_FK_account_id_to_accounts
PAY004377,C0002,A0380,,6711.35,ZAR,2026-08-19,CARD,COMPLETED,PAYREF136C393DD3,,BROKEN_FK_account_id_to_accounts
PAY004383,C0042,A0380,,1135.61,ZAR,2024-06-14,DEBIT_ORDER,PENDING,PAYREF58226A6A32,,BROKEN_FK_account_id_to_accounts
PAY004487,C0178,A0563,,1541.97,ZAR,2025-06-26,CARD,COMPLETED,PAYREFC99E3FA07F,,BROKEN_FK_account_id_to_accounts
PAY004552,C0829,A0519,POL0430,385.47,ZAR,2024-07-12,MOBILE,FAILED,PAYREF1AFAE0400A,Limit exceeded,BROKEN_FK_account_id_to_accounts
PAY004565,C0973,A0515,,2075.25,ZAR,2025-03-09,MOBILE,COMPLETED,PAYREF3B1E0904D1,,BROKEN_FK_account_id_to_accounts
PAY004622,C0276,A0764,POL0188,2828.3,ZAR,2025-11-27,EFT,COMPLETED,PAYREFB5FDE013AD,,BROKEN_FK_account_id_to_accounts
PAY004640,C0810,A1438,,444.79,ZAR,2026-09-15,EFT,COMPLETED,PAYREF91D0A1B6C8,,BROKEN_FK_account_id_to_accounts
PAY004728,C0849,A0937,POL0564,413.36,ZAR,2024-02-21,MOBILE,COMPLETED,PAYREFC0CD2EEF32,,BROKEN_FK_account_id_to_accounts
PAY004754,C0984,A0656,POL0534,184.4,ZAR,2025-10-17,DEBIT_ORDER,COMPLETED,PAYREF8B51D45FFD,,BROKEN_FK_account_id_to_accounts
PAY004755,C0105,A0672,POL0435,1031.44,ZAR,2024-02-25,EFT,COMPLETED,PAYREFA78B691F43,,BROKEN_FK_account_id_to_accounts
PAY004765,C0226,A1205,POL0518,423.19,ZAR,2024-08-21,DEBIT_ORDER,COMPLETED,PAYREFFC670F4211,,BROKEN_FK_account_id_to_accounts
PAY004833,C0497,A0053,POL0786,742.16,ZAR,2026-04-29,CASH,COMPLETED,PAYREF47F03D1C0D,,BROKEN_FK_account_id_to_accounts
PAY004841,C0001,A0380,,1162.74,ZAR,2025-03-29,EFT,COMPLETED,PAYREF017DF419E1,,BROKEN_FK_account_id_to_accounts
PAY004846,C0633,A1169,,1000.92,ZAR,2025-03-28,EFT,COMPLETED,PAYREFC61FE95ED8,,BROKEN_FK_account_id_to_accounts
PAY004866,C0498,A1386,POL0680,545.69,ZAR,2025-12-05,CARD,FAILED,PAYREF38B27B9FAF,Technical error,BROKEN_FK_account_id_to_accounts
PAY004879,C0357,A0938,,422.14,ZAR,2024-10-02,MOBILE,COMPLETED,PAYREFC2395DC718,,BROKEN_FK_account_id_to_accounts
PAY004929,C0459,A0694,POL0499,693.08,ZAR,2024-12-19,EFT,PENDING,PAYREFA306A0A330,,BROKEN_FK_account_id_to_accounts
PAY004933,C0373,A0469,POL0748,915.36,ZAR,2026-03-08,MOBILE,COMPLETED,PAYREF9C3739E75A,,BROKEN_FK_account_id_to_accounts
PAY004938,C0297,A0572,POL0165,1001.41,ZAR,2025-11-03,EFT,COMPLETED,PAYREF11A8E6FA79,,BROKEN_FK_account_id_to_accounts
PAY004955,C0888,A1146,,960.64,ZAR,2025-09-21,CARD,COMPLETED,PAYREF9DD2C16922,,BROKEN_FK_account_id_to_accounts
PAY004960,C0703,A1190,POL0155,1105.94,ZAR,2025-05-23,EFT,COMPLETED,PAYREF4BABC7A31B,,BROKEN_FK_account_id_to_accounts
PAY004993,C0312,A0694,,430.65,ZAR,2025-03-30,EFT,COMPLETED,PAYREFCF475FDC63,,BROKEN_FK_account_id_to_accounts
PAY005041,C0056,A1314,POL0252,1307.2,ZAR,2026-02-28,EFT,FAILED,PAYREF206CBC65E8,Insufficient funds,BROKEN_FK_account_id_to_accounts
PAY005061,C0978,A0045,,3483.87,ZAR,2026-01-18,MOBILE,COMPLETED,PAYREFF7A1C07E2F,,BROKEN_FK_account_id_to_accounts
PAY005068,C0979,A1065,POL0523,839.66,ZAR,2024-12-03,CARD,COMPLETED,PAYREFA7AF684D8B,,BROKEN_FK_account_id_to_accounts
PAY005145,C0766,A1236,POL0226,2444.82,ZAR,2026-04-19,EFT,COMPLETED,PAYREF9A678C9ABA,,BROKEN_FK_account_id_to_accounts
PAY005192,C0864,A0305,,1626.41,ZAR,2024-03-25,DEBIT_ORDER,COMPLETED,PAYREF6D855BC14A,,BROKEN_FK_account_id_to_accounts
PAY005282,C0646,A0448,,1336.73,ZAR,2025-04-23,CARD,COMPLETED,PAYREF59F334C616,,BROKEN_FK_account_id_to_accounts
PAY005315,C0779,A0418,POL0472,1399.33,ZAR,2026-02-04,MOBILE,COMPLETED,PAYREFD90BF9AE0B,,BROKEN_FK_account_id_to_accounts
PAY005379,C0666,A0572,,183.81,ZAR,2024-07-07,CARD,PENDING,PAYREFA4CE636465,,BROKEN_FK_account_id_to_accounts
PAY005395,C0339,A0994,POL0698,418.81,ZAR,2026-02-06,CASH,COMPLETED,PAYREF03FF8CDE68,,BROKEN_FK_account_id_to_accounts
PAY005413,C0270,A0305,POL0411,4732.44,ZAR,2025-03-30,CARD,COMPLETED,PAYREFBC9A64B9E9,,BROKEN_FK_account_id_to_accounts
PAY005421,C0632,A0937,POL0330,498.19,ZAR,2025-01-30,CARD,COMPLETED,PAYREF9624E5F351,,BROKEN_FK_account_id_to_accounts
PAY005487,C0434,A1169,,616.97,ZAR,2026-01-21,DEBIT_ORDER,COMPLETED,PAYREFDF350C847B,,BROKEN_FK_account_id_to_accounts
PAY005506,C0455,A1146,POL0049,1753.23,ZAR,2024-07-20,CARD,COMPLETED,PAYREFC2F9BD7984,,BROKEN_FK_account_id_to_accounts
PAY005523,C0863,A0556,,129.75,ZAR,2026-03-29,MOBILE,COMPLETED,PAYREF48AEC54216,,BROKEN_FK_account_id_to_accounts
PAY005536,C0210,A1065,,413.43,ZAR,2024-03-04,MOBILE,COMPLETED,PAYREF0BADDF76C6,,BROKEN_FK_account_id_to_accounts
PAY005570,C0973,A1444,,4363.17,ZAR,2026-01-27,CARD,COMPLETED,PAYREF4BF11DC0CA,,BROKEN_FK_account_id_to_accounts
PAY005618,C0481,A0053,,659.08,ZAR,2025-12-27,EFT,COMPLETED,PAYREF85B070128F,,BROKEN_FK_account_id_to_accounts
PAY005627,C0693,A0831,POL0593,588.47,ZAR,2025-04-15,CASH,COMPLETED,PAYREF20AE0D605B,,BROKEN_FK_account_id_to_accounts
PAY005634,C0399,A0544,POL0093,1404.88,ZAR,2026-07-17,CARD,COMPLETED,PAYREFE21A59787A,,BROKEN_FK_account_id_to_accounts
PAY005721,C0104,A0656,POL0406,595.09,ZAR,2024-09-06,DEBIT_ORDER,FAILED,PAYREF0C3336078E,Insufficient funds,BROKEN_FK_account_id_to_accounts
PAY005726,C0655,A1025,POL0506,424.27,ZAR,2026-04-25,DEBIT_ORDER,COMPLETED,PAYREF24B53E3DA4,,BROKEN_FK_account_id_to_accounts
PAY005822,C0279,A0572,POL0382,2256.51,ZAR,2025-09-22,MOBILE,COMPLETED,PAYREF632B79B7B5,,BROKEN_FK_account_id_to_accounts
PAY005843,C0651,A0556,,2135.33,ZAR,2024-01-30,CASH,COMPLETED,PAYREF85070FF329,,BROKEN_FK_account_id_to_accounts
PAY005873,C0037,A0291,,661.13,ZAR,2024-12-21,EFT,COMPLETED,PAYREFA376C18AF8,,BROKEN_FK_account_id_to_accounts
PAY005898,C0634,A1438,POL0794,1315.95,ZAR,2024-02-23,CASH,COMPLETED,PAYREF866646F27A,,BROKEN_FK_account_id_to_accounts
PAY005928,C0932,A0045,POL0396,546.38,ZAR,2024-12-23,DEBIT_ORDER,COMPLETED,PAYREF3E6FDD11B0,,BROKEN_FK_account_id_to_accounts
PAY005959,C0342,A1190,POL0101,1643.55,ZAR,2026-07-31,DEBIT_ORDER,COMPLETED,PAYREFB8A3C2F707,,BROKEN_FK_account_id_to_accounts
PAY006070,C0537,A0448,POL0476,3667.58,ZAR,2025-12-02,DEBIT_ORDER,COMPLETED,PAYREF51BB20C6B6,,BROKEN_FK_account_id_to_accounts
PAY006079,C0600,A0305,POL0548,1043.94,ZAR,2026-05-15,DEBIT_ORDER,COMPLETED,PAYREF7BC2D6E47A,,BROKEN_FK_account_id_to_accounts
PAY006106,C0617,A0556,POL0355,683.93,ZAR,2025-02-21,DEBIT_ORDER,COMPLETED,PAYREFDA6686D4F8,,BROKEN_FK_account_id_to_accounts
PAY006113,C0737,A0699,,562.96,ZAR,2026-04-25,CASH,COMPLETED,PAYREF38CAAA54F6,,BROKEN_FK_account_id_to_accounts
PAY006178,C0381,A1438,,690.25,ZAR,2024-10-24,CASH,COMPLETED,PAYREFFD41BDA8C2,,BROKEN_FK_account_id_to_accounts
PAY006363,C0899,A0790,,940.59,ZAR,2026-05-28,DEBIT_ORDER,COMPLETED,PAYREFE5D4B1B0D1,,BROKEN_FK_account_id_to_accounts
PAY006369,C0870,A0053,,1196.93,ZAR,2024-04-30,MOBILE,REVERSED,PAYREFED20A39B55,,BROKEN_FK_account_id_to_accounts
PAY006460,C0518,A0589,,2751.51,ZAR,2024-10-13,CASH,COMPLETED,PAYREF42EFB20AEA,,BROKEN_FK_account_id_to_accounts
PAY006463,C0216,A0937,POL0196,639.6,ZAR,2024-05-26,MOBILE,COMPLETED,PAYREF9458E18B60,,BROKEN_FK_account_id_to_accounts
PAY006471,C0558,A1200,POL0421,2515.43,ZAR,2025-09-22,MOBILE,COMPLETED,PAYREFDADCEE8104,,BROKEN_FK_account_id_to_accounts
PAY006480,C0997,A1330,,653.6,ZAR,2025-05-06,DEBIT_ORDER,COMPLETED,PAYREF7B09A16551,,BROKEN_FK_account_id_to_accounts
PAY006520,C0922,A0556,POL0325,1480.42,ZAR,2024-05-12,CARD,COMPLETED,PAYREF9CE3A527A0,,BROKEN_FK_account_id_to_accounts
PAY006552,C0874,A0282,POL0739,633.7,ZAR,2026-01-12,CASH,COMPLETED,PAYREF2C336E9AF1,,BROKEN_FK_account_id_to_accounts
PAY006554,C0555,A0345,POL0434,669.17,ZAR,2026-07-05,CARD,COMPLETED,PAYREF02552C41DC,,BROKEN_FK_account_id_to_accounts
PAY006561,C0927,A0436,POL0468,1129.22,ZAR,2026-04-04,EFT,COMPLETED,PAYREFE167A05960,,BROKEN_FK_account_id_to_accounts
PAY006575,C0219,A1487,POL0255,813.68,ZAR,2024-07-25,CARD,PENDING,PAYREFC1C33CBC61,,BROKEN_FK_account_id_to_accounts
PAY006582,C0049,A0400,POL0228,1897.81,ZAR,2025-06-06,EFT,COMPLETED,PAYREF85FCE33EA0,,BROKEN_FK_account_id_to_accounts
PAY006603,C0710,A0943,POL0724,1020.57,ZAR,2026-04-13,CARD,FAILED,PAYREF6AAD30A7B4,Technical error,BROKEN_FK_account_id_to_accounts
PAY006605,C0007,A0572,POL0374,2980.88,ZAR,2024-10-07,DEBIT_ORDER,COMPLETED,PAYREF016CCA689D,,BROKEN_FK_account_id_to_accounts
PAY006621,C0146,A0515,POL0676,4991.7,ZAR,2025-09-25,EFT,COMPLETED,PAYREF197445D87E,,BROKEN_FK_account_id_to_accounts
PAY006622,C0934,A0045,POL0420,1209.94,ZAR,2026-03-12,CASH,FAILED,PAYREFE56B45B372,Insufficient funds,BROKEN_FK_account_id_to_accounts
PAY006627,C0871,A0790,POL0211,4158.8,ZAR,2026-03-26,EFT,PENDING,PAYREFC84BB9D16A,,BROKEN_FK_account_id_to_accounts
PAY006663,C0124,A1200,POL0691,2288.03,ZAR,2026-05-12,DEBIT_ORDER,PENDING,PAYREF0A6DBEE0B6,,BROKEN_FK_account_id_to_accounts
PAY006666,C0079,A0656,POL0387,266.14,ZAR,2026-01-11,DEBIT_ORDER,COMPLETED,PAYREF24546D4AAD,,BROKEN_FK_account_id_to_accounts
PAY006668,C0667,A0141,POL0433,2958.85,ZAR,2025-09-25,EFT,COMPLETED,PAYREF890E66EB68,,BROKEN_FK_account_id_to_accounts
PAY006671,C0909,A0694,,1403.73,ZAR,2025-09-20,MOBILE,COMPLETED,PAYREFBCD3E45187,,BROKEN_FK_account_id_to_accounts
PAY006689,C0940,A1181,POL0190,4609.69,ZAR,2025-02-03,CASH,COMPLETED,PAYREF08516218B7,,BROKEN_FK_account_id_to_accounts
PAY006738,C0138,A0589,POL0436,444.75,ZAR,2025-09-24,CASH,COMPLETED,PAYREFDEE45175B2,,BROKEN_FK_account_id_to_accounts
PAY006770,C0079,A1025,POL0177,1565.52,ZAR,2026-03-22,CARD,PENDING,PAYREF3AA6B88E7C,,BROKEN_FK_account_id_to_accounts
PAY006776,C0049,A0790,,1033.84,ZAR,2026-06-09,EFT,COMPLETED,PAYREF09EC9CD56E,,BROKEN_FK_account_id_to_accounts
PAY006816,C0301,A0469,POL0374,270.3,ZAR,2024-10-12,DEBIT_ORDER,COMPLETED,PAYREFB4B89F1123,,BROKEN_FK_account_id_to_accounts
PAY006819,C0419,A0656,POL0127,1102.755,ZAR,2024-10-11,CASH,COMPLETED,PAYREF0F2E2F9D84,,BROKEN_FK_account_id_to_accounts
PAY006844,C0492,A0380,POL0750,3536.77,ZAR,2024-10-14,EFT,COMPLETED,PAYREFE36BBFE323,,BROKEN_FK_account_id_to_accounts
PAY006860,C0608,A0452,POL0139,381.44,ZAR,2024-03-01,MOBILE,FAILED,PAYREF559E89784A,Invalid account,BROKEN_FK_account_id_to_accounts
PAY006869,C0601,A0694,POL0447,399.99,ZAR,2025-05-03,CASH,PENDING,PAYREF567223744A,,BROKEN_FK_account_id_to_accounts
PAY006883,C0279,A1200,POL0051,3857.9,ZAR,2026-02-11,CARD,COMPLETED,PAYREF392E02A7F2,,BROKEN_FK_account_id_to_accounts
PAY006912,C0066,A0422,POL0037,1092.94,ZAR,2026-08-08,CASH,COMPLETED,PAYREFCF91DB807A,,BROKEN_FK_account_id_to_accounts
PAY006921,C0986,A1065,POL0213,989.8,ZAR,2024-06-17,CASH,COMPLETED,PAYREF5DF5D7790C,,BROKEN_FK_account_id_to_accounts
PAY007024,C0976,A0282,,647.16,ZAR,2026-08-07,EFT,COMPLETED,PAYREFAF94FE1079,,BROKEN_FK_account_id_to_accounts
PAY007104,C0126,A1438,,4095.0,ZAR,2025-07-24,CARD,FAILED,PAYREFC90B61C87A,Invalid account,BROKEN_FK_account_id_to_accounts
PAY007107,C0124,A0779,POL0618,753.92,ZAR,2026-02-11,CASH,FAILED,PAYREFBE58061961,Account closed,BROKEN_FK_account_id_to_accounts
PAY007115,C0039,A0515,,766.35,ZAR,2025-09-14,DEBIT_ORDER,COMPLETED,PAYREF99DEFFA4AF,,BROKEN_FK_account_id_to_accounts
PAY007123,C0489,A1146,POL0421,1334.97,ZAR,2025-10-30,DEBIT_ORDER,COMPLETED,PAYREF3D7C49B9F9,,BROKEN_FK_account_id_to_accounts
PAY007146,C0104,A1200,,586.54,ZAR,2026-08-27,EFT,COMPLETED,PAYREF461334DED0,,BROKEN_FK_account_id_to_accounts
PAY007183,C0221,A1438,POL0449,932.66,ZAR,2026-08-21,MOBILE,COMPLETED,PAYREF47EC611F6E,,BROKEN_FK_account_id_to_accounts
PAY007249,C0435,A1487,POL0617,1765.06,ZAR,2024-09-13,EFT,COMPLETED,PAYREFA8992187A0,,BROKEN_FK_account_id_to_accounts
PAY007283,C0161,A0400,POL0660,1506.07,ZAR,2024-07-30,MOBILE,COMPLETED,PAYREF11A7970E69,,BROKEN_FK_account_id_to_accounts
PAY007308,C0350,A0053,POL0026,2257.07,ZAR,2026-01-28,MOBILE,COMPLETED,PAYREF5CF1C2597F,,BROKEN_FK_account_id_to_accounts
PAY007315,C0444,A0452,POL0530,273.84,ZAR,2026-05-15,EFT,COMPLETED,PAYREF1D467E2A93,,BROKEN_FK_account_id_to_accounts
PAY007338,C0724,A0469,POL0397,132.98,ZAR,2026-01-29,DEBIT_ORDER,COMPLETED,PAYREF0703A6E213,,BROKEN_FK_account_id_to_accounts
PAY007403,C0300,A0656,POL0138,663.43,ZAR,2026-04-24,EFT,COMPLETED,PAYREF30F6CE0819,,BROKEN_FK_account_id_to_accounts
PAY007427,C0640,A1200,POL0759,1102.755,ZAR,2024-08-02,CASH,COMPLETED,PAYREF2584B5AE08,,BROKEN_FK_account_id_to_accounts
PAY007489,C0729,A0305,,2626.86,ZAR,2024-05-25,DEBIT_ORDER,COMPLETED,PAYREFF7B830396A,,BROKEN_FK_account_id_to_accounts
PAY007506,C0179,A1025,,628.28,ZAR,2024-06-29,MOBILE,COMPLETED,PAYREFE28A11413F,,BROKEN_FK_account_id_to_accounts
PAY007510,C0150,A0938,,5440.24,ZAR,2024-03-07,CARD,PENDING,PAYREF0A6EBD1E34,,BROKEN_FK_account_id_to_accounts
PAY007512,C0617,A0563,POL0607,3094.44,ZAR,2024-09-15,CASH,COMPLETED,PAYREF969A507F85,,BROKEN_FK_account_id_to_accounts
PAY007537,C0949,A0672,POL0692,1538.78,ZAR,2026-04-01,CARD,COMPLETED,PAYREFAB75B1A597,,BROKEN_FK_account_id_to_accounts
PAY007552,C0915,A0563,POL0363,4451.65,ZAR,2026-04-26,EFT,COMPLETED,PAYREF9BE38A0D1B,,BROKEN_FK_account_id_to_accounts
PAY007562,C0309,A0448,POL0528,6939.57,ZAR,2025-08-03,CARD,COMPLETED,PAYREF0DDD337B20,,BROKEN_FK_account_id_to_accounts
PAY007578,C0124,A1236,,1002.16,ZAR,2024-03-12,DEBIT_ORDER,FAILED,PAYREFB9862BFF01,Limit exceeded,BROKEN_FK_account_id_to_accounts
PAY007614,C0872,A0563,POL0494,1439.91,ZAR,2025-12-21,CARD,COMPLETED,PAYREF191590D314,,BROKEN_FK_account_id_to_accounts
PAY007616,C0037,A0943,POL0081,939.16,ZAR,2025-06-08,DEBIT_ORDER,COMPLETED,PAYREF1C0553BCBF,,BROKEN_FK_account_id_to_accounts
PAY007625,C0891,A0938,POL0354,669.67,ZAR,2025-02-14,DEBIT_ORDER,COMPLETED,PAYREF8DE7ACFA83,,BROKEN_FK_account_id_to_accounts
PAY007659,C0891,A0563,POL0559,5940.14,ZAR,2025-02-17,DEBIT_ORDER,COMPLETED,PAYREFA54006B013,,BROKEN_FK_account_id_to_accounts
PAY007683,C0386,A1487,POL0255,74.76,ZAR,2026-02-13,CARD,COMPLETED,PAYREFB209FB583B,,BROKEN_FK_account_id_to_accounts
PAY007808,C0130,A1025,POL0085,1803.49,ZAR,2024-06-25,EFT,PENDING,PAYREFE34519342B,,BROKEN_FK_account_id_to_accounts
PAY007843,C0285,A0764,POL0319,4363.06,ZAR,2024-06-29,EFT,PENDING,PAYREF2C6BAAF34B,,BROKEN_FK_account_id_to_accounts
PAY007862,C0952,A0699,,1814.51,ZAR,2025-02-09,EFT,COMPLETED,PAYREF212D7B2874,,BROKEN_FK_account_id_to_accounts
PAY007883,C0513,A0938,POL0798,1436.16,ZAR,2026-03-19,MOBILE,COMPLETED,PAYREF173619EA6F,,BROKEN_FK_account_id_to_accounts
PAY007884,C0744,A0694,,722.1,ZAR,2025-07-26,CASH,PENDING,PAYREF5CB6BC41AB,,BROKEN_FK_account_id_to_accounts
PAY007964,C0017,A0473,POL0760,1598.61,ZAR,2025-07-26,MOBILE,COMPLETED,PAYREF7A0D1917FB,,BROKEN_FK_account_id_to_accounts
PAY007970,C0694,A0779,POL0761,3668.98,ZAR,2026-02-15,DEBIT_ORDER,COMPLETED,PAYREFD1E1AB0FB6,,BROKEN_FK_account_id_to_accounts
PAY007980,C0403,A0469,,1284.07,ZAR,2026-02-21,CARD,COMPLETED,PAYREF7142820EA1,,BROKEN_FK_account_id_to_accounts
PAY008031,C0124,A0527,POL0777,4001.44,ZAR,2025-06-25,DEBIT_ORDER,COMPLETED,PAYREF036715FB3B,,BROKEN_FK_account_id_to_accounts
PAY008113,C0480,A0291,POL0298,1817.63,ZAR,2026-04-08,DEBIT_ORDER,COMPLETED,PAYREFC539BEE0F0,,BROKEN_FK_account_id_to_accounts
PAY008208,C0877,A0656,POL0279,282.68,ZAR,2025-11-28,MOBILE,COMPLETED,PAYREF689F73E34E,,BROKEN_FK_account_id_to_accounts
PAY008230,C0037,A1438,POL0425,3575.4,ZAR,2025-04-01,EFT,PENDING,PAYREF2E7F1D32A8,,BROKEN_FK_account_id_to_accounts
PAY008248,C0350,A1314,,654.39,ZAR,2025-02-24,EFT,FAILED,PAYREF444B019C3A,Invalid account,BROKEN_FK_account_id_to_accounts
PAY008260,C0265,A0473,POL0720,1178.64,ZAR,2025-11-23,EFT,FAILED,PAYREFF5CDE58DF9,Insufficient funds,BROKEN_FK_account_id_to_accounts
PAY008286,C0604,A0831,,1166.69,ZAR,2025-05-07,DEBIT_ORDER,PENDING,PAYREF7BFF55FF2D,,BROKEN_FK_account_id_to_accounts
PAY008349,C0138,A1065,POL0054,1322.17,ZAR,2024-03-28,CARD,COMPLETED,PAYREF6B189EF1DE,,BROKEN_FK_account_id_to_accounts
PAY008378,C0434,A1065,,574.62,ZAR,2024-04-24,EFT,COMPLETED,PAYREF70CFA5EB22,,BROKEN_FK_account_id_to_accounts
PAY008387,C0764,A0515,POL0261,110.05,ZAR,2026-02-19,CARD,COMPLETED,PAYREF92406D4A34,,BROKEN_FK_account_id_to_accounts
PAY008407,C0153,A1181,POL0034,1090.64,ZAR,2024-11-08,DEBIT_ORDER,PENDING,PAYREFDA2849416B,,BROKEN_FK_account_id_to_accounts
PAY008421,C0870,A0282,POL0570,1102.755,ZAR,2024-04-10,DEBIT_ORDER,COMPLETED,PAYREFD4B3E7C0B8,,BROKEN_FK_account_id_to_accounts
PAY008466,C0696,A1025,POL0070,510.17,ZAR,2025-11-12,MOBILE,PENDING,PAYREF41CAE5BA0F,,BROKEN_FK_account_id_to_accounts
PAY008470,C0562,A0053,POL0086,852.14,ZAR,2025-11-01,DEBIT_ORDER,COMPLETED,PAYREF943396E967,,BROKEN_FK_account_id_to_accounts
PAY008477,C0902,A1146,POL0595,2149.71,ZAR,2026-03-24,DEBIT_ORDER,COMPLETED,PAYREF3FF2347750,,BROKEN_FK_account_id_to_accounts
PAY008549,C0774,A1025,POL0541,820.11,ZAR,2024-04-17,CASH,COMPLETED,PAYREF3472D4271D,,BROKEN_FK_account_id_to_accounts
PAY008571,C0632,A0282,,1623.42,ZAR,2025-05-13,CARD,COMPLETED,PAYREFAA18A270BF,,BROKEN_FK_account_id_to_accounts
PAY008685,C0096,A1330,,1919.33,ZAR,2024-04-06,CARD,COMPLETED,PAYREFCC67B522B6,,BROKEN_FK_account_id_to_accounts
PAY008707,C0484,A0400,,519.1,ZAR,2024-01-12,CASH,COMPLETED,PAYREF654DD8458C,,BROKEN_FK_account_id_to_accounts
PAY008711,C0967,A1236,,1209.76,ZAR,2026-01-19,MOBILE,COMPLETED,PAYREF3E72A6378A,,BROKEN_FK_account_id_to_accounts
PAY008759,C0375,A0938,POL0427,999.3,ZAR,2024-12-19,CASH,COMPLETED,PAYREF15446D7137,,BROKEN_FK_account_id_to_accounts
PAY008772,C0986,A1236,,2612.45,ZAR,2024-12-08,CASH,COMPLETED,PAYREF15872BED23,,BROKEN_FK_account_id_to_accounts
PAY008870,C0749,A0305,POL0184,329.78,ZAR,2025-09-14,CARD,PENDING,PAYREF66CCB7337B,,BROKEN_FK_account_id_to_accounts
PAY008982,C0427,A0937,,2514.82,ZAR,2025-04-04,EFT,COMPLETED,PAYREF8C4894E795,,BROKEN_FK_account_id_to_accounts
PAY009013,C0828,A0448,,5451.67,ZAR,2024-07-27,CASH,COMPLETED,PAYREF7384515E7F,,BROKEN_FK_account_id_to_accounts
PAY009021,C0514,A1386,POL0285,547.98,ZAR,2025-11-18,CASH,COMPLETED,PAYREFFC23116098,,BROKEN_FK_account_id_to_accounts
PAY009066,C0664,A1205,,332.74,ZAR,2024-09-18,CASH,COMPLETED,PAYREF5C8F1AA976,,BROKEN_FK_account_id_to_accounts
PAY009139,C0071,A1444,POL0307,1557.38,ZAR,2024-12-30,EFT,COMPLETED,PAYREF0E51D92FD6,,BROKEN_FK_account_id_to_accounts
PAY009158,C0569,A0291,POL0267,2742.67,ZAR,2025-01-11,CARD,COMPLETED,PAYREFDBF91963D2,,BROKEN_FK_account_id_to_accounts
PAY009277,C0581,A1205,,3649.72,ZAR,2026-07-20,CASH,COMPLETED,PAYREF5783D6FEB9,,BROKEN_FK_account_id_to_accounts
PAY009289,C0245,A0515,POL0797,5021.02,ZAR,2026-08-06,MOBILE,REVERSED,PAYREF2CC6FDB7D3,,BROKEN_FK_account_id_to_accounts
PAY009295,C0485,A0452,POL0567,2950.67,ZAR,2024-12-25,MOBILE,REVERSED,PAYREF549EF6AB01,,BROKEN_FK_account_id_to_accounts
PAY009305,C0331,A0656,POL0711,6939.57,ZAR,2024-07-14,CASH,COMPLETED,PAYREF07E4851EB3,,BROKEN_FK_account_id_to_accounts
PAY009339,C0465,A0764,POL0102,403.89,ZAR,2024-01-16,MOBILE,COMPLETED,PAYREF21394F095C,,BROKEN_FK_account_id_to_accounts
PAY009341,C0807,A0380,,408.56,ZAR,2024-08-21,MOBILE,COMPLETED,PAYREF1286FC6F90,,BROKEN_FK_account_id_to_accounts
PAY009374,C0015,A0045,POL0445,473.54,ZAR,2026-07-28,MOBILE,FAILED,PAYREF7F5CA598D0,Account closed,BROKEN_FK_account_id_to_accounts
PAY009377,C0283,A0452,,231.29,ZAR,2024-07-18,DEBIT_ORDER,COMPLETED,PAYREFADD76ECE49,,BROKEN_FK_account_id_to_accounts
PAY009382,C0381,A1025,,204.35,ZAR,2025-08-07,CARD,COMPLETED,PAYREF1469A80FD1,,BROKEN_FK_account_id_to_accounts
PAY009383,C0636,A1190,POL0351,355.96,ZAR,2026-05-31,CARD,COMPLETED,PAYREF9B68F245D8,,BROKEN_FK_account_id_to_accounts
PAY009423,C0597,A1314,,727.94,ZAR,2026-05-17,CASH,COMPLETED,PAYREFE3DFC5730A,,BROKEN_FK_account_id_to_accounts
PAY009450,C0533,A0422,POL0366,2388.03,ZAR,2026-06-12,EFT,COMPLETED,PAYREF1ED861FACC,,BROKEN_FK_account_id_to_accounts
PAY009489,C0683,A0589,,1349.98,ZAR,2024-11-07,CARD,COMPLETED,PAYREF6C41C86928,,BROKEN_FK_account_id_to_accounts
PAY009523,C0445,A0448,,198.15,ZAR,2025-07-26,DEBIT_ORDER,COMPLETED,PAYREFB919F72988,,BROKEN_FK_account_id_to_accounts
PAY009552,C0241,A0572,POL0087,212.4,ZAR,2025-03-09,CASH,COMPLETED,PAYREF50F5A1F2BE,,BROKEN_FK_account_id_to_accounts
PAY009561,C0337,A1190,POL0393,6939.57,ZAR,2024-06-28,MOBILE,COMPLETED,PAYREFDEDD4F3AC9,,BROKEN_FK_account_id_to_accounts
PAY009610,C0838,A1181,POL0135,532.57,ZAR,2025-11-15,MOBILE,COMPLETED,PAYREF886D13E7DB,,BROKEN_FK_account_id_to_accounts
PAY009654,C0741,A1438,,827.61,ZAR,2025-08-07,EFT,COMPLETED,PAYREFA05804E900,,BROKEN_FK_account_id_to_accounts
PAY009670,C0810,A0656,POL0101,2733.17,ZAR,2024-07-11,EFT,PENDING,PAYREF112AA6DD6C,,BROKEN_FK_account_id_to_accounts
PAY009743,C0137,A0544,POL0299,404.14,ZAR,2024-08-30,DEBIT_ORDER,COMPLETED,PAYREF3013F8E585,,BROKEN_FK_account_id_to_accounts
PAY009769,C0407,A0282,POL0297,778.38,ZAR,2024-06-21,CASH,COMPLETED,PAYREF0045005EDE,,BROKEN_FK_account_id_to_accounts
PAY009774,C0074,A1190,,2116.59,ZAR,2024-09-15,CASH,FAILED,PAYREF15AEA4E158,Insufficient funds,BROKEN_FK_account_id_to_accounts
PAY009829,C0323,A1386,,363.32,ZAR,2024-05-13,CARD,COMPLETED,PAYREF1BDBC462DB,,BROKEN_FK_account_id_to_accounts
PAY009884,C0029,A0694,,2996.4,ZAR,2026-05-18,CARD,COMPLETED,PAYREFAA8112291E,,BROKEN_FK_account_id_to_accounts
PAY009901,C0770,A0790,,778.49,ZAR,2025-03-12,DEBIT_ORDER,COMPLETED,PAYREF2599F59200,,BROKEN_FK_account_id_to_accounts
PAY009906,C0472,A0053,POL0218,862.23,ZAR,2024-03-31,DEBIT_ORDER,COMPLETED,PAYREFF4271FF773,,BROKEN_FK_account_id_to_accounts
PAY009924,C0674,A0282,,1073.54,ZAR,2025-08-09,DEBIT_ORDER,COMPLETED,PAYREF116B51D505,,BROKEN_FK_account_id_to_accounts
PAY009939,C0701,A1025,POL0503,955.9,ZAR,2024-07-29,DEBIT_ORDER,COMPLETED,PAYREF4742492BAB,,BROKEN_FK_account_id_to_accounts
PAY009993,C0628,A1438,,2230.25,ZAR,2025-11-04,DEBIT_ORDER,COMPLETED,PAYREF8F92F0ED70,,BROKEN_FK_account_id_to_accounts
PAY000261,C0392,A0136,POL0403,3767.2,ZAR,2026-05-26,MOBILE,FAILED,PAYREF9B15041CA3,Technical error,BROKEN_FK_policy_id_to_policies
PAY000327,C0598,A1089,POL0301,1969.15,ZAR,2024-11-25,DEBIT_ORDER,COMPLETED,PAYREF8B82E6FD4D,,BROKEN_FK_policy_id_to_policies
PAY000416,C0266,A0348,POL0457,1029.08,ZAR,2025-12-02,CASH,REVERSED,PAYREF4BB7EF6F69,,BROKEN_FK_policy_id_to_policies
PAY000491,C0254,A0346,POL0457,103.86,ZAR,2024-06-03,MOBILE,COMPLETED,PAYREFBDE209A8C7,,BROKEN_FK_policy_id_to_policies
PAY000786,C0394,A0856,POL0565,670.3,ZAR,2025-02-10,MOBILE,COMPLETED,PAYREFB59EDA0F8B,,BROKEN_FK_policy_id_to_policies
PAY000843,C0789,A0950,POL0074,6201.8,ZAR,2025-09-25,EFT,COMPLETED,PAYREF409C189B01,,BROKEN_FK_policy_id_to_policies
PAY000885,C0585,A1075,POL0301,109.75,ZAR,2026-07-27,CARD,REVERSED,PAYREF7B66836ADF,,BROKEN_FK_policy_id_to_policies
PAY000908,C0248,A0036,POL0402,398.08,ZAR,2025-07-19,CARD,COMPLETED,PAYREFE8DA5A4B62,,BROKEN_FK_policy_id_to_policies
PAY000997,C0322,A0858,POL0005,2613.22,ZAR,2024-07-29,CARD,COMPLETED,PAYREF4DB20BFB25,,BROKEN_FK_policy_id_to_policies
PAY001024,C0384,A0662,POL0118,4621.34,ZAR,2025-09-18,CARD,FAILED,PAYREF6B8156ACA6,Limit exceeded,BROKEN_FK_policy_id_to_policies
PAY001073,C0386,A0997,POL0403,369.83,ZAR,2026-06-14,CARD,COMPLETED,PAYREF3CF8B99C88,,BROKEN_FK_policy_id_to_policies
PAY001116,C0796,A0159,POL0402,454.3,ZAR,2026-06-24,EFT,COMPLETED,PAYREF9BDA382AA4,,BROKEN_FK_policy_id_to_policies
PAY001149,C0151,A1391,POL0570,1400.21,ZAR,2026-03-22,DEBIT_ORDER,COMPLETED,PAYREF08FF420C93,,BROKEN_FK_policy_id_to_policies
PAY001171,C0021,A0518,POL0541,620.01,ZAR,2024-03-26,CARD,COMPLETED,PAYREF1B2641A367,,BROKEN_FK_policy_id_to_policies
PAY001672,C0103,A1273,POL0570,1452.29,ZAR,2024-09-19,CARD,COMPLETED,PAYREFD7D7FA3D21,,BROKEN_FK_policy_id_to_policies
PAY001674,C0901,A0908,POL0457,814.93,ZAR,2025-02-20,CARD,COMPLETED,PAYREFE4D6CC3CAB,,BROKEN_FK_policy_id_to_policies
PAY001749,C0015,A0290,POL0402,418.7,ZAR,2025-07-26,MOBILE,FAILED,PAYREF515D38F580,Account closed,BROKEN_FK_policy_id_to_policies
PAY001761,C0229,A0907,POL0724,1102.755,ZAR,2025-01-18,DEBIT_ORDER,PENDING,PAYREF1B180B7927,,BROKEN_FK_policy_id_to_policies
PAY001873,C0141,A0178,POL0301,1363.9,ZAR,2024-04-14,EFT,FAILED,PAYREF1CA623A2B0,Technical error,BROKEN_FK_policy_id_to_policies
PAY001897,C0620,A1150,POL0706,3068.1,ZAR,2024-04-05,EFT,COMPLETED,PAYREFBA74D100F1,,BROKEN_FK_policy_id_to_policies
PAY001975,C0338,A0762,POL0724,1410.61,ZAR,2026-05-28,CASH,COMPLETED,PAYREF9D770C50D4,,BROKEN_FK_policy_id_to_policies
PAY002088,C0122,A0586,POL0499,3765.18,ZAR,2025-03-15,CASH,COMPLETED,PAYREFEC822FEBC6,,BROKEN_FK_policy_id_to_policies
PAY002246,C0555,A0399,POL0074,3251.92,ZAR,2026-01-07,CASH,COMPLETED,PAYREF2D94DD55B1,,BROKEN_FK_policy_id_to_policies
PAY002278,C0593,A0989,POL0207,57.0,ZAR,2025-08-30,MOBILE,COMPLETED,PAYREFC5DA900500,,BROKEN_FK_policy_id_to_policies
PAY002307,C0302,A0238,POL0301,2553.73,ZAR,2024-11-21,MOBILE,COMPLETED,PAYREF4909B982C6,,BROKEN_FK_policy_id_to_policies
PAY002355,C0159,A0788,POL0724,520.29,ZAR,2025-07-22,EFT,FAILED,PAYREFDE84FB25F7,Technical error,BROKEN_FK_policy_id_to_policies
PAY002381,C0051,A0518,POL0570,2303.84,ZAR,2025-09-05,CARD,PENDING,PAYREFDADA018433,,BROKEN_FK_policy_id_to_policies
PAY002471,C0576,A0047,POL0565,3050.72,ZAR,2025-05-18,CARD,COMPLETED,PAYREF3CE539D312,,BROKEN_FK_policy_id_to_policies
PAY002475,C0093,A0662,POL0118,3332.33,ZAR,2025-09-14,MOBILE,PENDING,PAYREF0922D38C2F,,BROKEN_FK_policy_id_to_policies
PAY002726,C0031,A0297,POL0005,1871.07,ZAR,2026-05-08,CASH,COMPLETED,PAYREFBF40D19AF8,,BROKEN_FK_policy_id_to_policies
PAY002737,C0776,A0483,POL0565,2128.34,ZAR,2026-04-03,MOBILE,COMPLETED,PAYREF50B7350FFE,,BROKEN_FK_policy_id_to_policies
PAY002760,C0359,A0539,POL0565,449.7,ZAR,2026-02-19,DEBIT_ORDER,COMPLETED,PAYREF0B258EF8A7,,BROKEN_FK_policy_id_to_policies
PAY002952,C0637,A1485,POL0118,991.75,ZAR,2024-09-25,EFT,REVERSED,PAYREF24262D5C67,,BROKEN_FK_policy_id_to_policies
PAY003022,C0857,A1358,POL0706,1750.28,ZAR,2026-02-08,CARD,COMPLETED,PAYREFC1F6AC22D0,,BROKEN_FK_policy_id_to_policies
PAY003027,C0793,A0980,POL0724,506.77,ZAR,2024-02-18,DEBIT_ORDER,COMPLETED,PAYREF5B975C79C6,,BROKEN_FK_policy_id_to_policies
PAY003060,C0284,A1077,POL0706,3505.44,ZAR,2025-01-25,EFT,FAILED,PAYREFFE342E34C2,Technical error,BROKEN_FK_policy_id_to_policies
PAY003079,C0512,A0478,POL0005,422.82,ZAR,2024-04-30,CARD,COMPLETED,PAYREFC0CDC3D78F,,BROKEN_FK_policy_id_to_policies
PAY003186,C0640,A0245,POL0118,682.61,ZAR,2026-02-26,EFT,PENDING,PAYREF1B30D6C5F8,,BROKEN_FK_policy_id_to_policies
PAY003200,C0201,A0432,POL0706,1499.25,ZAR,2025-06-15,CASH,FAILED,PAYREF8812BBA970,Technical error,BROKEN_FK_policy_id_to_policies
PAY003426,C0730,A1323,POL0457,5913.04,ZAR,2025-01-09,EFT,COMPLETED,PAYREF862E7FA48B,,BROKEN_FK_policy_id_to_policies
PAY003435,C0894,A1403,POL0005,1388.33,ZAR,2026-06-26,EFT,COMPLETED,PAYREF0CB1E134C3,,BROKEN_FK_policy_id_to_policies
PAY003441,C0701,A1496,POL0570,795.33,ZAR,2025-02-05,EFT,COMPLETED,PAYREFC2DB6EFF61,,BROKEN_FK_policy_id_to_policies
PAY003577,C0950,A0434,POL0005,390.62,ZAR,2024-02-20,DEBIT_ORDER,COMPLETED,PAYREFB4862AEFB4,,BROKEN_FK_policy_id_to_policies
PAY003911,C0512,A0946,POL0457,2333.38,ZAR,2026-05-31,CARD,PENDING,PAYREF91F5DEACE3,,BROKEN_FK_policy_id_to_policies
PAY003958,C0082,A1266,POL0005,423.35,ZAR,2024-07-25,EFT,COMPLETED,PAYREF689CFDD757,,BROKEN_FK_policy_id_to_policies
PAY003974,C0092,A0278,POL0777,1446.09,ZAR,2025-05-02,MOBILE,COMPLETED,PAYREF8EEF7E4D91,,BROKEN_FK_policy_id_to_policies
PAY004002,C0315,A0594,POL0118,370.86,ZAR,2025-03-06,CASH,COMPLETED,PAYREF43CE5DA993,,BROKEN_FK_policy_id_to_policies
PAY004077,C0099,A0124,POL0570,969.85,ZAR,2024-03-31,CASH,COMPLETED,PAYREF8E9E12A515,,BROKEN_FK_policy_id_to_policies
PAY004083,C0795,A0540,POL0402,962.66,ZAR,2025-08-02,CASH,COMPLETED,PAYREF0B854E020D,,BROKEN_FK_policy_id_to_policies
PAY004135,C0918,A1251,POL0118,720.92,ZAR,2024-04-25,CASH,COMPLETED,PAYREF1D58D0DEF0,,BROKEN_FK_policy_id_to_policies
PAY004204,C0133,A0151,POL0402,1646.54,ZAR,2024-11-18,DEBIT_ORDER,COMPLETED,PAYREFD7616E4532,,BROKEN_FK_policy_id_to_policies
PAY004212,C0188,A0890,POL0541,2548.96,ZAR,2024-12-29,MOBILE,COMPLETED,PAYREFB7FDC79F63,,BROKEN_FK_policy_id_to_policies
PAY004386,C0901,A0029,POL0565,2676.94,ZAR,2025-05-07,CASH,COMPLETED,PAYREF555FFEF358,,BROKEN_FK_policy_id_to_policies
PAY004540,C0197,A0051,POL0565,1612.56,ZAR,2026-01-30,CASH,COMPLETED,PAYREFD7AA73211B,,BROKEN_FK_policy_id_to_policies
PAY004613,C0798,A0058,POL0403,463.4,ZAR,2025-09-21,DEBIT_ORDER,COMPLETED,PAYREF795FA60AF2,,BROKEN_FK_policy_id_to_policies
PAY004682,C0998,A0106,POL0499,178.08,ZAR,2024-05-06,EFT,COMPLETED,PAYREFA61CC60522,,BROKEN_FK_policy_id_to_policies
PAY004821,C0024,A0409,POL0777,261.82,ZAR,2025-01-20,CARD,COMPLETED,PAYREFED4A540B41,,BROKEN_FK_policy_id_to_policies
PAY004842,C0107,A0641,POL0403,2430.49,ZAR,2025-01-22,CARD,COMPLETED,PAYREFA182E16541,,BROKEN_FK_policy_id_to_policies
PAY004974,C0591,A0109,POL0402,613.25,ZAR,2025-07-22,CASH,FAILED,PAYREF7007CE169E,Technical error,BROKEN_FK_policy_id_to_policies
PAY005201,C0411,A1458,POL0005,367.73,ZAR,2025-08-21,DEBIT_ORDER,COMPLETED,PAYREF01BB5C01AA,,BROKEN_FK_policy_id_to_policies
PAY005362,C0956,A1357,POL0207,1088.92,ZAR,2025-04-20,CARD,REVERSED,PAYREF460460CE7B,,BROKEN_FK_policy_id_to_policies
PAY005641,C0417,A1003,POL0457,1011.76,ZAR,2025-05-19,MOBILE,COMPLETED,PAYREFD6D87F6D60,,BROKEN_FK_policy_id_to_policies
PAY005648,C0199,A1271,POL0402,196.43,ZAR,2025-06-05,CARD,FAILED,PAYREFE195082CFC,Limit exceeded,BROKEN_FK_policy_id_to_policies
PAY005772,C0033,A0529,POL0457,1292.84,ZAR,2026-04-14,CARD,COMPLETED,PAYREFD5F3E08623,,BROKEN_FK_policy_id_to_policies
PAY005871,C0835,A1262,POL0207,1320.96,ZAR,2024-02-06,MOBILE,COMPLETED,PAYREF4BDA7C9D67,,BROKEN_FK_policy_id_to_policies
PAY005990,C0979,A1118,POL0207,1354.29,ZAR,2026-08-11,CARD,COMPLETED,PAYREF43BAF9DE4B,,BROKEN_FK_policy_id_to_policies
PAY006002,C0350,A0734,POL0301,1054.08,ZAR,2026-02-15,EFT,COMPLETED,PAYREF465C989FCF,,BROKEN_FK_policy_id_to_policies
PAY006126,C0363,A0858,POL0739,342.65,ZAR,2025-02-25,CARD,COMPLETED,PAYREF47292F36A8,,BROKEN_FK_policy_id_to_policies
PAY006179,C0168,A0689,POL0724,1102.755,ZAR,2025-04-23,CARD,COMPLETED,PAYREF82E0270FCC,,BROKEN_FK_policy_id_to_policies
PAY006218,C0588,A0286,POL0570,455.72,ZAR,2026-06-29,CASH,COMPLETED,PAYREF2BA10D6AD5,,BROKEN_FK_policy_id_to_policies
PAY006249,C0736,A0313,POL0541,1814.14,ZAR,2025-11-29,MOBILE,FAILED,PAYREF5F1BD7621E,Technical error,BROKEN_FK_policy_id_to_policies
PAY006341,C0141,A0419,POL0706,5549.44,ZAR,2024-11-15,CARD,COMPLETED,PAYREFA90F1D2A12,,BROKEN_FK_policy_id_to_policies
PAY006371,C0261,A0539,POL0402,822.95,ZAR,2026-08-25,CASH,COMPLETED,PAYREF66CA296AC8,,BROKEN_FK_policy_id_to_policies
PAY006470,C0997,A0969,POL0541,1514.59,ZAR,2025-10-05,EFT,PENDING,PAYREF4B25FFDC1B,,BROKEN_FK_policy_id_to_policies
PAY006693,C0554,A0927,POL0074,2761.48,ZAR,2025-10-16,EFT,COMPLETED,PAYREF0F964B3855,,BROKEN_FK_policy_id_to_policies
PAY006720,C0189,A0434,POL0457,4086.4,ZAR,2026-04-22,CARD,COMPLETED,PAYREFF9FBA605FA,,BROKEN_FK_policy_id_to_policies
PAY006772,C0172,A1220,POL0074,3019.07,ZAR,2024-12-29,CARD,COMPLETED,PAYREF654E48186F,,BROKEN_FK_policy_id_to_policies
PAY006773,C0973,A0953,POL0005,899.48,ZAR,2024-07-17,MOBILE,COMPLETED,PAYREFEF589069DE,,BROKEN_FK_policy_id_to_policies
PAY006790,C0055,A1100,POL0706,2018.85,ZAR,2024-09-11,DEBIT_ORDER,COMPLETED,PAYREFD23264AA80,,BROKEN_FK_policy_id_to_policies
PAY006926,C0558,A0480,POL0739,1313.31,ZAR,2025-05-02,CASH,COMPLETED,PAYREFF171E1D9F6,,BROKEN_FK_policy_id_to_policies
PAY006970,C0866,A0795,POL0074,1487.54,ZAR,2026-03-16,CARD,COMPLETED,PAYREF6005F1270A,,BROKEN_FK_policy_id_to_policies
PAY006973,C0016,A0190,POL0565,457.88,ZAR,2025-02-28,EFT,COMPLETED,PAYREF0B36BB13FF,,BROKEN_FK_policy_id_to_policies
PAY007042,C0038,A1436,POL0118,1005.46,ZAR,2024-07-22,EFT,COMPLETED,PAYREFEE66093608,,BROKEN_FK_policy_id_to_policies
PAY007310,C0761,A0541,POL0739,619.91,ZAR,2024-12-26,CASH,COMPLETED,PAYREFEEDE35608E,,BROKEN_FK_policy_id_to_policies
PAY007322,C0371,A0481,POL0457,1158.24,ZAR,2026-01-20,CASH,COMPLETED,PAYREF7175550769,,BROKEN_FK_policy_id_to_policies
PAY007336,C0227,A0661,POL0207,1555.63,ZAR,2025-01-09,EFT,COMPLETED,PAYREF70A55E1CE4,,BROKEN_FK_policy_id_to_policies
PAY007345,C0487,A1379,POL0207,923.16,ZAR,2026-08-07,MOBILE,COMPLETED,PAYREF711F4DA91F,,BROKEN_FK_policy_id_to_policies
PAY007356,C0587,A1225,POL0402,591.99,ZAR,2024-08-20,MOBILE,COMPLETED,PAYREFE9D23FAEFE,,BROKEN_FK_policy_id_to_policies
PAY007495,C0702,A0131,POL0499,225.78,ZAR,2026-09-14,CASH,COMPLETED,PAYREFF2D15F494E,,BROKEN_FK_policy_id_to_policies
PAY007498,C0855,A0846,POL0402,1129.47,ZAR,2025-11-20,CARD,COMPLETED,PAYREFF04AAB25FF,,BROKEN_FK_policy_id_to_policies
PAY007786,C0648,A0050,POL0457,5396.82,ZAR,2026-01-31,CASH,COMPLETED,PAYREF347D0779D0,,BROKEN_FK_policy_id_to_policies
PAY007853,C0779,A0798,POL0565,160.7,ZAR,2025-11-28,CASH,COMPLETED,PAYREFB8B8D2ADDD,,BROKEN_FK_policy_id_to_policies
PAY007863,C0361,A0755,POL0207,1858.41,ZAR,2025-02-06,CARD,COMPLETED,PAYREF7C000A826A,,BROKEN_FK_policy_id_to_policies
PAY008079,C0168,A0867,POL0301,3132.02,ZAR,2024-10-08,DEBIT_ORDER,PENDING,PAYREFB0AB77BF2D,,BROKEN_FK_policy_id_to_policies
PAY008080,C0338,A1167,POL0541,1775.17,ZAR,2024-10-20,CARD,COMPLETED,PAYREF7942D175BB,,BROKEN_FK_policy_id_to_policies
PAY008145,C0301,A0128,POL0005,3625.04,ZAR,2024-04-01,DEBIT_ORDER,PENDING,PAYREF8A60324EB1,,BROKEN_FK_policy_id_to_policies
PAY008232,C0304,A0391,POL0074,910.16,ZAR,2026-02-22,MOBILE,COMPLETED,PAYREFA6791B6F9F,,BROKEN_FK_policy_id_to_policies
PAY008275,C0144,A0372,POL0706,2402.84,ZAR,2025-04-08,MOBILE,COMPLETED,PAYREFA755EA898B,,BROKEN_FK_policy_id_to_policies
PAY008360,C0824,A0896,POL0005,1145.86,ZAR,2024-07-10,MOBILE,REVERSED,PAYREFFBC8FD3D93,,BROKEN_FK_policy_id_to_policies
PAY008532,C0143,A0755,POL0403,522.47,ZAR,2025-05-26,EFT,FAILED,PAYREF2C08823586,Account closed,BROKEN_FK_policy_id_to_policies
PAY008561,C0970,A1196,POL0499,1052.43,ZAR,2025-01-28,DEBIT_ORDER,COMPLETED,PAYREF7D1542877F,,BROKEN_FK_policy_id_to_policies
PAY008595,C0363,A1441,POL0074,433.32,ZAR,2025-09-09,DEBIT_ORDER,REVERSED,PAYREF98F6E7A334,,BROKEN_FK_policy_id_to_policies
PAY008605,C0268,A0348,POL0565,2226.41,ZAR,2025-11-29,MOBILE,COMPLETED,PAYREFB7680E5706,,BROKEN_FK_policy_id_to_policies
PAY008705,C0105,A1360,POL0005,941.39,ZAR,2026-01-02,DEBIT_ORDER,PENDING,PAYREF55678B7B5C,,BROKEN_FK_policy_id_to_policies
PAY008731,C0500,A1466,POL0724,747.78,ZAR,2025-12-30,DEBIT_ORDER,FAILED,PAYREF3808463002,Technical error,BROKEN_FK_policy_id_to_policies
PAY008737,C0138,A0213,POL0118,1459.6,ZAR,2024-05-16,MOBILE,COMPLETED,PAYREFE85F44AE30,,BROKEN_FK_policy_id_to_policies
PAY008766,C0276,A1323,POL0402,778.82,ZAR,2024-05-19,CASH,COMPLETED,PAYREFED7092D03B,,BROKEN_FK_policy_id_to_policies
PAY008850,C0675,A1055,POL0499,3168.11,ZAR,2024-09-17,DEBIT_ORDER,COMPLETED,PAYREF103B8690FF,,BROKEN_FK_policy_id_to_policies
PAY008914,C0624,A0861,POL0739,449.53,ZAR,2025-08-13,MOBILE,COMPLETED,PAYREF55D4EE8531,,BROKEN_FK_policy_id_to_policies
PAY008917,C0287,A1085,POL0724,1094.92,ZAR,2025-06-14,CARD,COMPLETED,PAYREF4F978B2CA9,,BROKEN_FK_policy_id_to_policies
PAY008958,C0484,A0376,POL0541,3767.42,ZAR,2026-05-25,DEBIT_ORDER,REVERSED,PAYREF2D8260A3C4,,BROKEN_FK_policy_id_to_policies
PAY008961,C0431,A1413,POL0570,162.82,ZAR,2024-02-22,DEBIT_ORDER,FAILED,PAYREFD364632868,Technical error,BROKEN_FK_policy_id_to_policies
PAY009074,C0202,A0491,POL0403,389.43,ZAR,2025-09-28,MOBILE,COMPLETED,PAYREFD80F189FC5,,BROKEN_FK_policy_id_to_policies
PAY009124,C0997,A0917,POL0565,1330.69,ZAR,2026-03-16,CASH,COMPLETED,PAYREF6A1364CE76,,BROKEN_FK_policy_id_to_policies
PAY009228,C0959,A1454,POL0074,984.98,ZAR,2026-02-19,CARD,COMPLETED,PAYREFC2E8EB41AC,,BROKEN_FK_policy_id_to_policies
PAY009663,C0240,A0489,POL0724,2427.07,ZAR,2025-03-14,DEBIT_ORDER,COMPLETED,PAYREF19FA4ACEC5,,BROKEN_FK_policy_id_to_policies
PAY009705,C0868,A0786,POL0457,772.73,ZAR,2025-05-20,CASH,COMPLETED,PAYREF70FCF710A0,,BROKEN_FK_policy_id_to_policies
