policy_id,customer_id,policy_type,status,start_date,end_date,premium_amount,cover_amount,currency,payment_frequency,beneficiary_count,underwriting_status
POL0001,C0290,FUNERAL,ACTIVE,2022-04-28,2037-04-24,396.43,12273.18,ZAR,MONTHLY,1,SUBSTANDARD
POL0002,C0043,RETIREMENT,MATURED,2017-06-12,2042-06-06,4605.94,128823.43,ZAR,QUARTERLY,2,STANDARD
POL0003,C0125,LIFE,CANCELLED,2022-11-27,2052-11-19,4756.54,2024007.67,ZAR,QUARTERLY,3,SUBSTANDARD
POL0004,C0290,RETIREMENT,PAID_UP,2020-04-14,2050-04-07,16748.93,419400.79,ZAR,ANNUALLY,4,STANDARD
POL0005,,RETIREMENT,ACTIVE,2021-02-06,2026-02-05,12952.6,942883.45,ZAR,ANNUALLY,2,STANDARD
POL0006,C0595,RETIREMENT,ACTIVE,2017-10-28,2047-10-21,19937.2,922434.39,ZAR,QUARTERLY,4,STANDARD
POL0007,C0339,HEALTH,ACTIVE,2021-01-27,2036-01-24,4541.78,3215169.47,ZAR,ANNUALLY,3,STANDARD
POL0008,C0028,INVESTMENT,ACTIVE,2020-09-07,2030-09-05,8712.58,357945.67,ZAR,MONTHLY,2,STANDARD
POL0009,C0999,HEALTH,ACTIVE,2020-11-21,2040-11-16,5699.13,114651.91,ZAR,MONTHLY,1,STANDARD
POL0010,C0499,INVESTMENT,MATURED,2023-11-27,2053-11-19,14219.44,523991.5,ZAR,MONTHLY,5,STANDARD
POL0011,C0499,RETIREMENT,ACTIVE,2019-03-31,2049-03-23,26193.8,845270.42,ZAR,MONTHLY,4,STANDARD
POL0012,C0846,LIFE,LAPSED,2021-12-15,2031-12-13,3843.66,1390425.58,ZAR,QUARTERLY,4,SUBSTANDARD
POL0013,C0012,HEALTH,CANCELLED,2025-11-22,2055-11-15,6323.75,3352136.23,ZAR,MONTHLY,3,SUBSTANDARD
POL0014,C0019,LIFE,ACTIVE,2022-04-19,2027-04-18,1161.91,474495.88,ZAR,QUARTERLY,4,STANDARD
POL0015,C0146,HEALTH,ACTIVE,2026-04-21,2041-04-17,4493.15,2413733.76,ZAR,ANNUALLY,1,PREFERRED
POL0016,C0594,LIFE,CANCELLED,2026-04-01,2051-03-26,1693.37,286054.62,ZAR,MONTHLY,4,STANDARD
POL0017,C0799,INVESTMENT,CANCELLED,2022-01-27,2037-01-23,3449.76,116605.88,ZAR,MONTHLY,5,PREFERRED
POL0018,C0430,LIFE,ACTIVE,2025-05-21,2050-05-15,1721.35,400181.46,ZAR,ANNUALLY,4,DECLINED
POL0019,C0591,LIFE,ACTIVE,2022-02-23,2032-02-21,3388.71,1312626.41,ZAR,ANNUALLY,3,SUBSTANDARD
POL0020,C0573,RETIREMENT,ACTIVE,2023-04-30,2038-04-26,1945.07,162484.24,ZAR,QUARTERLY,3,SUBSTANDARD
POL0021,C0497,RETIREMENT,ACTIVE,2023-06-26,2048-06-19,24103.56,1321256.32,ZAR,QUARTERLY,4,SUBSTANDARD
POL0022,C0642,SHORT_TERM,ACTIVE,2018-03-05,2038-02-28,2760.6,902143.96,ZAR,MONTHLY,2,SUBSTANDARD
POL0023,C0200,RETIREMENT,ACTIVE,2017-01-17,2027-01-15,17405.09,496472.9,ZAR,QUARTERLY,5,SUBSTANDARD
POL0024,C0852,LIFE,ACTIVE,2016-01-15,2041-01-08,,45350.24,ZAR,ANNUALLY,2,SUBSTANDARD
POL0025,C0981,SHORT_TERM,ACTIVE,2016-01-30,2041-01-23,199.41,286778.33,ZAR,QUARTERLY,2,SUBSTANDARD
POL0026,C0624,FUNERAL,CANCELLED,2026-01-14,2051-01-08,489.74,54647.45,ZAR,QUARTERLY,4,STANDARD
POL0027,C0415,FUNERAL,ACTIVE,2016-11-29,2026-11-27,148.65,10836.59,ZAR,MONTHLY,4,STANDARD
POL0028,C0400,FUNERAL,ACTIVE,2024-04-28,2049-04-22,410.55,79248.18,ZAR,ANNUALLY,5,STANDARD
POL0029,C0891,INVESTMENT,LAPSED,2017-04-16,2047-04-09,6384.38,252356.92,ZAR,MONTHLY,2,STANDARD
POL0030,C0066,FUNERAL,ACTIVE,2020-10-11,2035-10-08,426.3,91197.51,ZAR,MONTHLY,4,STANDARD
POL0031,C0633,SHORT_TERM,CANCELLED,2017-06-17,2027-06-15,619.6,1137571.9,ZAR,MONTHLY,1,STANDARD
POL0032,C0263,FUNERAL,CANCELLED,2023-11-06,2038-11-02,137.54,59528.13,ZAR,ANNUALLY,4,STANDARD
POL0033,C0688,FUNERAL,ACTIVE,2020-02-28,2030-02-25,277.52,13059.23,ZAR,ANNUALLY,5,STANDARD
POL0034,C0388,HEALTH,PAID_UP,2023-11-06,2048-10-30,1451.69,961501.46,ZAR,ANNUALLY,3,PREFERRED
POL0035,C0220,SHORT_TERM,ACTIVE,2016-01-16,2046-01-08,-2465.01,1716541.67,ZAR,ANNUALLY,4,STANDARD
POL0036,C0672,SHORT_TERM,MATURED,2022-11-16,2027-11-15,1543.8,1421097.27,ZAR,QUARTERLY,5,SUBSTANDARD
POL0037,C0924,FUNERAL,ACTIVE,2022-11-07,2027-11-06,443.62,12447.59,ZAR,MONTHLY,5,STANDARD
POL0038,C0626,SHORT_TERM,ACTIVE,2022-11-20,2052-11-12,2132.56,791204.1,ZAR,QUARTERLY,4,DECLINED
POL0039,C0327,HEALTH,LAPSED,2025-11-17,2055-11-10,3945.54,2167578.45,ZAR,ANNUALLY,5,PREFERRED
POL0040,C0943,FUNERAL,ACTIVE,2026-08-31,2036-08-28,398.38,45860.12,ZAR,MONTHLY,2,STANDARD
POL0041,C0683,INVESTMENT,ACTIVE,2019-11-02,2024-10-31,17681.58,612791.35,ZAR,QUARTERLY,2,STANDARD
POL0042,C0795,LIFE,CANCELLED,2024-05-18,2054-05-11,4760.2,1503002.48,ZAR,MONTHLY,4,STANDARD
POL0043,C0409,RETIREMENT,ACTIVE,2026-07-16,2031-07-15,8200.37,414624.62,ZAR,ANNUALLY,1,SUBSTANDARD
POL0044,C0893,LIFE,ACTIVE,2025-03-30,2035-03-28,4137.99,1521192.3,ZAR,MONTHLY,4,STANDARD
POL0045,C0532,HEALTH,ACTIVE,2023-04-22,2028-04-20,7975.31,2001144.58,ZAR,QUARTERLY,1,STANDARD
POL0046,C0807,INVESTMENT,CANCELLED,2022-03-10,2047-03-04,9881.25,241712.33,ZAR,ANNUALLY,1,STANDARD
POL0047,C0498,HEALTH,ACTIVE,2025-11-05,2055-10-29,7353.77,757616.28,ZAR,ANNUALLY,3,STANDARD
POL0048,C0219,RETIREMENT,ACTIVE,2015-06-22,2035-06-17,15931.42,1493832.56,ZAR,ANNUALLY,2,PREFERRED
POL0049,C0399,INVESTMENT,ACTIVE,2022-07-31,2027-07-30,3883.82,190978.77,ZAR,ANNUALLY,5,PREFERRED
POL0050,C0232,INVESTMENT,ACTIVE,2015-04-25,2045-04-17,19803.55,320955.28,ZAR,QUARTERLY,3,STANDARD
POL0051,C0375,INVESTMENT,ACTIVE,2019-10-09,2039-10-04,8167.43,392183.23,ZAR,QUARTERLY,3,STANDARD
POL0052,C0460,FUNERAL,ACTIVE,2023-01-05,2033-01-02,139.12,77292.23,ZAR,MONTHLY,2,DECLINED
POL0053,C0359,RETIREMENT,LAPSED,2018-02-27,2038-02-22,11388.83,474651.67,ZAR,QUARTERLY,3,STANDARD
POL0054,C0520,RETIREMENT,MATURED,2024-05-20,2044-05-15,-14267.82,729444.95,ZAR,MONTHLY,5,STANDARD
POL0055,C0708,RETIREMENT,LAPSED,2017-03-24,2047-03-17,13564.89,285757.15,ZAR,MONTHLY,3,STANDARD
POL0056,C0333,FUNERAL,PAID_UP,2018-02-03,2033-01-30,146.45,51422.4,ZAR,MONTHLY,4,PREFERRED
POL0057,C0267,RETIREMENT,LAPSED,2020-03-12,2050-03-05,6665.58,523747.09,ZAR,MONTHLY,2,SUBSTANDARD
POL0058,C0745,INVESTMENT,LAPSED,2022-08-31,2027-08-30,6356.69,172066.25,ZAR,QUARTERLY,2,STANDARD
POL0059,C0249,SHORT_TERM,MATURED,2018-03-22,2038-03-17,888.73,166335.48,ZAR,QUARTERLY,3,PREFERRED
POL0060,C0389,FUNERAL,ACTIVE,2026-03-07,2036-03-04,87.35,70904.78,ZAR,QUARTERLY,3,SUBSTANDARD
POL0061,C0285,INVESTMENT,ACTIVE,2019-10-23,2044-10-16,6702.46,119116.81,ZAR,ANNUALLY,3,STANDARD
POL0062,C0177,FUNERAL,LAPSED,2015-03-12,2020-03-10,107.11,84132.02,ZAR,ANNUALLY,1,SUBSTANDARD
POL0063,C0897,RETIREMENT,ACTIVE,2019-06-23,2039-06-18,19385.45,1452063.27,ZAR,MONTHLY,2,STANDARD
POL0064,C0470,LIFE,ACTIVE,2022-06-15,2027-06-14,3402.26,1656663.5,ZAR,QUARTERLY,2,STANDARD
POL0065,C0474,LIFE,ACTIVE,2023-01-23,2028-01-22,4332.75,1937679.57,ZAR,MONTHLY,4,SUBSTANDARD
POL0066,C0452,RETIREMENT,PAID_UP,2015-07-19,2045-07-11,11670.4,267465.41,ZAR,MONTHLY,5,SUBSTANDARD
POL0067,C0592,INVESTMENT,ACTIVE,2020-07-21,2030-07-19,-13067.65,580688.0,ZAR,QUARTERLY,5,STANDARD
POL0068,C0982,SHORT_TERM,MATURED,2017-03-24,2022-03-23,386.27,1170644.62,ZAR,MONTHLY,5,STANDARD
POL0069,C0693,SHORT_TERM,MATURED,2021-01-10,2041-01-05,626.05,319243.03,ZAR,MONTHLY,1,STANDARD
POL0070,C0518,FUNERAL,ACTIVE,2022-03-13,2047-03-07,126.42,57295.6,ZAR,QUARTERLY,1,DECLINED
POL0071,C0437,LIFE,LAPSED,2019-05-19,2034-05-15,2372.83,646122.05,ZAR,MONTHLY,5,PREFERRED
POL0072,C0003,SHORT_TERM,ACTIVE,2025-10-08,2050-10-02,2834.7,1793940.87,ZAR,MONTHLY,2,PREFERRED
POL0073,C0231,INVESTMENT,ACTIVE,2020-10-20,2025-10-19,19711.84,460093.67,ZAR,QUARTERLY,2,STANDARD
POL0074,,LIFE,LAPSED,2021-04-03,2041-03-29,398.81,46633.75,ZAR,QUARTERLY,4,STANDARD
POL0075,C0596,RETIREMENT,MATURED,2022-01-22,2042-01-17,22457.9,1446466.85,ZAR,MONTHLY,1,STANDARD
POL0076,C0455,RETIREMENT,ACTIVE,2024-10-22,2044-10-17,1259.45,33137.06,ZAR,ANNUALLY,1,PREFERRED
POL0077,C0755,HEALTH,ACTIVE,2017-02-15,2022-02-14,7863.24,387946.87,ZAR,QUARTERLY,4,STANDARD
POL0078,C0715,LIFE,ACTIVE,2016-07-11,2036-07-06,792.76,154162.17,ZAR,QUARTERLY,4,PREFERRED
POL0079,C0703,SHORT_TERM,ACTIVE,2026-06-06,2056-05-29,1042.26,1478249.0,ZAR,QUARTERLY,4,STANDARD
POL0080,C0615,RETIREMENT,ACTIVE,2021-09-01,2031-08-30,12830.46,1262549.24,ZAR,QUARTERLY,3,STANDARD
POL0081,C0930,INVESTMENT,LAPSED,2019-04-17,2029-04-14,16002.54,562235.48,ZAR,MONTHLY,3,STANDARD
POL0082,C0195,INVESTMENT,CANCELLED,2020-02-29,2035-02-25,14462.1,712549.86,ZAR,ANNUALLY,2,STANDARD
POL0083,C0398,SHORT_TERM,LAPSED,2022-05-15,2027-05-14,2087.17,364217.78,ZAR,ANNUALLY,3,STANDARD
POL0084,C0303,LIFE,ACTIVE,2019-07-11,2049-07-03,4752.94,1521905.52,ZAR,ANNUALLY,5,STANDARD
POL0085,C0749,FUNERAL,CANCELLED,2015-08-10,2035-08-05,224.26,89182.04,ZAR,MONTHLY,3,STANDARD
POL0086,C0293,RETIREMENT,ACTIVE,2021-01-13,2051-01-06,10881.38,518767.55,ZAR,MONTHLY,5,STANDARD
POL0087,C0857,RETIREMENT,ACTIVE,2021-01-22,2046-01-16,27194.93,2569592.67,ZAR,MONTHLY,4,PREFERRED
POL0088,C0128,SHORT_TERM,CANCELLED,2023-10-18,2043-10-13,2095.6,266128.25,ZAR,MONTHLY,5,PREFERRED
POL0089,C0150,INVESTMENT,CANCELLED,2016-12-08,2026-12-06,3863.46,51628.26,ZAR,MONTHLY,4,PREFERRED
POL0090,C0093,FUNERAL,ACTIVE,2015-07-30,2040-07-23,147.04,82943.71,ZAR,MONTHLY,1,STANDARD
POL0091,C0181,LIFE,LAPSED,2023-11-20,2038-11-16,2793.33,1175797.52,ZAR,QUARTERLY,2,STANDARD
POL0092,C0235,INVESTMENT,ACTIVE,2017-04-25,2022-04-24,14916.02,198169.75,ZAR,MONTHLY,1,SUBSTANDARD
POL0093,C0408,FUNERAL,CANCELLED,2022-07-27,2047-07-21,108.0,86487.02,ZAR,MONTHLY,4,PREFERRED
POL0094,C0926,HEALTH,ACTIVE,2018-03-22,2038-03-17,5294.5,1573484.68,ZAR,ANNUALLY,4,STANDARD
POL0095,C0657,SHORT_TERM,CANCELLED,2021-06-18,2031-06-16,2192.23,970359.95,ZAR,QUARTERLY,3,PREFERRED
POL0096,C0511,FUNERAL,ACTIVE,2015-02-12,2045-02-04,150.84,23117.28,ZAR,ANNUALLY,3,STANDARD
POL0097,C0249,INVESTMENT,CANCELLED,2022-11-22,2037-11-18,14712.95,698614.12,ZAR,MONTHLY,1,SUBSTANDARD
POL0098,C0366,SHORT_TERM,ACTIVE,2016-03-09,2026-03-07,1630.35,385598.55,ZAR,MONTHLY,1,SUBSTANDARD
POL0099,C0433,INVESTMENT,ACTIVE,2016-11-12,2041-11-06,8663.46,426679.7,ZAR,ANNUALLY,3,PREFERRED
POL0100,C0723,FUNERAL,ACTIVE,2022-08-23,2052-08-15,98.0,82917.86,ZAR,QUARTERLY,3,SUBSTANDARD
POL0101,C0718,HEALTH,LAPSED,2021-01-28,2046-01-22,5883.53,1103586.52,ZAR,ANNUALLY,3,SUBSTANDARD
POL0102,C0718,LIFE,ACTIVE,2020-04-19,2030-04-17,3026.88,730844.34,ZAR,MONTHLY,1,STANDARD
POL0103,C0058,RETIREMENT,ACTIVE,2022-09-09,2047-09-03,,62606.36,ZAR,ANNUALLY,2,STANDARD
POL0104,C0970,FUNERAL,CANCELLED,2021-10-21,2051-10-14,157.9,13153.57,ZAR,MONTHLY,5,DECLINED
POL0105,C0177,RETIREMENT,CANCELLED,2020-08-12,2045-08-06,26219.94,970820.86,ZAR,ANNUALLY,2,SUBSTANDARD
POL0106,C0628,LIFE,CANCELLED,2026-04-08,2031-04-07,4097.83,1913416.46,ZAR,MONTHLY,2,STANDARD
POL0107,C0398,SHORT_TERM,ACTIVE,2021-04-12,2026-04-11,1531.07,361008.89,ZAR,QUARTERLY,4,STANDARD
POL0108,C0587,HEALTH,ACTIVE,2025-12-04,2050-11-28,4061.98,3668745.63,ZAR,ANNUALLY,5,STANDARD
POL0109,C0871,RETIREMENT,ACTIVE,2019-05-13,2034-05-09,14873.98,855242.05,ZAR,MONTHLY,3,STANDARD
POL0110,C0220,FUNERAL,ACTIVE,2024-03-01,2034-02-27,253.96,37211.54,ZAR,QUARTERLY,3,SUBSTANDARD
POL0111,C0081,HEALTH,LAPSED,2020-02-04,2025-02-02,4986.51,3772890.96,ZAR,MONTHLY,2,SUBSTANDARD
POL0112,C0572,SHORT_TERM,ACTIVE,2024-04-13,2049-04-07,1118.19,891970.75,ZAR,MONTHLY,4,STANDARD
POL0113,C0474,FUNERAL,ACTIVE,2020-12-26,2050-12-19,353.31,42501.87,ZAR,MONTHLY,3,SUBSTANDARD
POL0114,C0837,RETIREMENT,ACTIVE,2026-02-02,2041-01-29,25379.07,1018873.04,ZAR,MONTHLY,4,PREFERRED
POL0115,C0426,HEALTH,ACTIVE,2023-04-21,2043-04-16,5622.22,3628673.45,ZAR,MONTHLY,3,DECLINED
POL0116,C0382,SHORT_TERM,LAPSED,2024-01-11,2034-01-08,1676.02,621821.56,ZAR,ANNUALLY,4,PREFERRED
POL0117,C0676,RETIREMENT,LAPSED,2025-07-07,2040-07-03,12657.25,401810.37,ZAR,QUARTERLY,5,STANDARD
POL0118,,SHORT_TERM,PAID_UP,2020-02-02,2045-01-26,2773.6,315370.88,ZAR,ANNUALLY,1,STANDARD
POL0119,C0413,HEALTH,ACTIVE,2018-05-12,2043-05-06,-2292.56,2974616.92,ZAR,MONTHLY,3,STANDARD
POL0120,C0551,SHORT_TERM,ACTIVE,2021-03-21,2041-03-16,380.93,1461019.8,ZAR,ANNUALLY,1,DECLINED
POL0121,C0383,INVESTMENT,ACTIVE,2024-09-23,2034-09-21,16769.26,247736.23,ZAR,QUARTERLY,4,STANDARD
POL0122,C0331,SHORT_TERM,CANCELLED,2020-04-09,2045-04-03,899.78,1594793.47,ZAR,ANNUALLY,5,STANDARD
POL0123,C0936,SHORT_TERM,MATURED,2021-10-14,2026-10-13,2645.09,1435094.44,ZAR,ANNUALLY,5,SUBSTANDARD
POL0124,C0144,LIFE,ACTIVE,2021-07-27,2036-07-23,2446.22,274507.27,ZAR,MONTHLY,1,STANDARD
POL0125,C0373,RETIREMENT,ACTIVE,2019-08-12,2049-08-04,8852.83,177430.07,ZAR,ANNUALLY,5,PREFERRED
POL0126,C0953,LIFE,ACTIVE,2018-11-19,2043-11-13,2681.04,1078892.29,ZAR,ANNUALLY,5,PREFERRED
POL0127,C0044,HEALTH,MATURED,2021-02-25,2036-02-22,7238.72,4385526.81,ZAR,QUARTERLY,3,STANDARD
POL0128,C0778,LIFE,ACTIVE,2024-04-08,2039-04-05,3354.39,1171968.59,ZAR,QUARTERLY,1,STANDARD
POL0129,C0277,RETIREMENT,LAPSED,2025-04-22,2045-04-17,6651.8,421073.48,ZAR,MONTHLY,1,DECLINED
POL0130,C0339,INVESTMENT,ACTIVE,2020-06-30,2025-06-29,18050.75,352414.43,ZAR,ANNUALLY,5,STANDARD
POL0131,C0104,FUNERAL,ACTIVE,2016-01-27,2036-01-22,382.17,35569.81,ZAR,QUARTERLY,4,STANDARD
POL0132,C0296,SHORT_TERM,ACTIVE,2021-11-21,2026-11-20,1002.26,1907525.57,ZAR,QUARTERLY,1,STANDARD
POL0133,C0528,LIFE,ACTIVE,2016-12-12,2021-12-11,2408.29,1087780.66,ZAR,ANNUALLY,3,PREFERRED
POL0134,C0726,SHORT_TERM,ACTIVE,2021-01-23,2046-01-17,510.47,568951.83,ZAR,MONTHLY,5,STANDARD
POL0135,C0139,RETIREMENT,CANCELLED,2016-03-01,2026-02-27,19887.23,411728.55,ZAR,QUARTERLY,1,STANDARD
POL0136,C0903,LIFE,ACTIVE,2017-01-16,2032-01-13,2040.85,602448.66,ZAR,MONTHLY,2,SUBSTANDARD
POL0137,C0893,LIFE,ACTIVE,2020-05-20,2040-05-15,3495.38,1056632.84,ZAR,MONTHLY,5,STANDARD
POL0138,C0694,RETIREMENT,ACTIVE,2018-07-15,2028-07-12,8980.55,859989.82,ZAR,QUARTERLY,4,STANDARD
POL0139,C0303,SHORT_TERM,LAPSED,2025-04-27,2050-04-21,1938.83,1461461.88,ZAR,MONTHLY,4,STANDARD
POL0140,C0431,INVESTMENT,ACTIVE,2024-03-01,2034-02-27,9202.58,342759.33,ZAR,QUARTERLY,3,STANDARD
POL0141,C0511,RETIREMENT,ACTIVE,2015-11-10,2025-11-07,16825.29,923813.22,ZAR,ANNUALLY,3,STANDARD
POL0142,C0087,FUNERAL,ACTIVE,2021-04-18,2026-04-17,247.04,94766.61,ZAR,QUARTERLY,5,STANDARD
POL0143,C0568,INVESTMENT,CANCELLED,2026-07-20,2056-07-12,1895.54,38975.66,ZAR,QUARTERLY,5,STANDARD
POL0144,C0566,INVESTMENT,ACTIVE,2016-12-31,2036-12-26,16547.29,367675.96,ZAR,MONTHLY,5,SUBSTANDARD
POL0145,C0440,LIFE,LAPSED,2017-11-25,2042-11-19,1508.55,286873.14,ZAR,ANNUALLY,3,SUBSTANDARD
POL0146,C0549,RETIREMENT,ACTIVE,2016-01-28,2026-01-25,23839.26,1098017.89,ZAR,QUARTERLY,3,STANDARD
POL0147,C0816,INVESTMENT,LAPSED,2022-03-04,2032-03-01,11325.68,141069.21,ZAR,ANNUALLY,2,STANDARD
POL0148,C0586,LIFE,ACTIVE,2024-06-01,2034-05-30,2978.88,1077104.41,ZAR,ANNUALLY,5,STANDARD
POL0149,C0713,LIFE,ACTIVE,2016-10-09,2031-10-06,2214.53,1037069.63,ZAR,QUARTERLY,5,STANDARD
POL0150,C0116,SHORT_TERM,PAID_UP,2020-09-28,2050-09-21,1395.82,1443333.35,ZAR,MONTHLY,4,STANDARD
POL0151,C0055,INVESTMENT,LAPSED,2023-06-21,2053-06-13,3875.05,66964.92,ZAR,QUARTERLY,2,SUBSTANDARD
POL0152,C0842,FUNERAL,ACTIVE,2020-05-23,2050-05-16,262.5,42706.91,ZAR,MONTHLY,4,STANDARD
POL0153,C0915,INVESTMENT,CANCELLED,2025-02-01,2030-01-31,3713.88,105999.93,ZAR,ANNUALLY,2,STANDARD
POL0154,C0643,FUNERAL,LAPSED,2022-10-26,2052-10-18,467.13,18928.03,ZAR,QUARTERLY,3,PREFERRED
POL0155,C0260,HEALTH,LAPSED,2024-06-11,2044-06-06,2710.44,2676296.8,ZAR,QUARTERLY,5,STANDARD
POL0156,C0415,LIFE,MATURED,2019-02-02,2049-01-25,1381.26,281614.51,ZAR,QUARTERLY,1,PREFERRED
POL0157,C0157,HEALTH,ACTIVE,2018-03-17,2048-03-09,5958.24,4421930.75,ZAR,ANNUALLY,5,STANDARD
POL0158,C0642,INVESTMENT,ACTIVE,2015-12-14,2040-12-07,5201.47,209746.73,ZAR,ANNUALLY,1,STANDARD
POL0159,C0132,INVESTMENT,ACTIVE,2022-10-03,2027-10-02,6247.17,83712.43,ZAR,QUARTERLY,5,SUBSTANDARD
POL0160,C0588,LIFE,PAID_UP,2019-07-28,2024-07-26,1857.48,516501.68,ZAR,QUARTERLY,3,STANDARD
POL0161,C0445,INVESTMENT,LAPSED,2020-08-06,2045-07-31,17802.0,867047.89,ZAR,ANNUALLY,1,STANDARD
POL0162,C0909,FUNERAL,ACTIVE,2021-10-05,2026-10-04,231.35,82476.46,ZAR,ANNUALLY,1,STANDARD
POL0163,C0340,FUNERAL,LAPSED,2025-03-07,2030-03-06,351.67,53999.02,ZAR,QUARTERLY,3,STANDARD
POL0164,C0259,LIFE,ACTIVE,2025-09-19,2035-09-17,4038.9,601868.65,ZAR,MONTHLY,3,SUBSTANDARD
POL0165,C0275,FUNERAL,ACTIVE,2020-10-02,2050-09-25,344.39,65050.27,ZAR,QUARTERLY,3,STANDARD
POL0166,C0774,RETIREMENT,ACTIVE,2025-11-13,2040-11-09,5980.86,350939.65,ZAR,ANNUALLY,3,STANDARD
POL0167,C0442,HEALTH,ACTIVE,2016-08-25,2021-08-24,5468.11,199574.75,ZAR,QUARTERLY,2,STANDARD
POL0168,C0111,LIFE,ACTIVE,2016-12-26,2021-12-25,631.06,78538.34,ZAR,QUARTERLY,3,STANDARD
POL0169,C0408,LIFE,CANCELLED,2016-07-13,2041-07-07,1472.7,223299.3,ZAR,MONTHLY,1,STANDARD
POL0170,C0795,HEALTH,ACTIVE,2026-09-11,2046-09-06,1255.71,3454436.49,ZAR,QUARTERLY,5,STANDARD
POL0171,C0367,FUNERAL,LAPSED,2022-04-10,2052-04-02,62.83,14925.45,ZAR,ANNUALLY,2,SUBSTANDARD
POL0172,C0944,SHORT_TERM,MATURED,2020-01-05,2039-12-31,2485.7,914957.12,ZAR,QUARTERLY,4,STANDARD
POL0173,C0317,INVESTMENT,ACTIVE,2021-06-13,2046-06-07,4457.55,196513.04,ZAR,ANNUALLY,4,STANDARD
POL0174,C0926,FUNERAL,ACTIVE,2015-11-30,2030-11-26,257.37,73548.89,ZAR,MONTHLY,5,STANDARD
POL0175,C0381,LIFE,LAPSED,2024-04-03,2054-03-27,969.96,181790.03,ZAR,MONTHLY,4,STANDARD
POL0176,C0831,HEALTH,ACTIVE,2018-08-23,2038-08-18,6059.63,2156734.24,ZAR,QUARTERLY,5,STANDARD
POL0177,C0877,LIFE,ACTIVE,2023-01-26,2048-01-20,1104.34,387405.16,ZAR,MONTHLY,5,SUBSTANDARD
POL0178,C0144,FUNERAL,ACTIVE,2021-04-04,2051-03-28,437.8,74960.37,ZAR,QUARTERLY,2,STANDARD
POL0179,C0941,INVESTMENT,LAPSED,2018-12-13,2048-12-05,18405.74,608796.39,ZAR,ANNUALLY,2,PREFERRED
POL0180,C0005,SHORT_TERM,ACTIVE,2023-01-07,2033-01-04,2741.9,264597.46,ZAR,QUARTERLY,4,STANDARD
POL0181,C0543,FUNERAL,ACTIVE,2020-05-27,2040-05-22,142.82,71994.23,ZAR,ANNUALLY,5,DECLINED
POL0182,C0066,INVESTMENT,ACTIVE,2019-05-08,2034-05-04,524.89,7959.52,ZAR,ANNUALLY,1,STANDARD
POL0183,C0528,HEALTH,ACTIVE,2015-03-04,2025-03-01,3058.59,3065879.06,ZAR,QUARTERLY,5,STANDARD
POL0184,C0859,INVESTMENT,ACTIVE,2016-04-27,2046-04-20,5711.16,246475.04,ZAR,QUARTERLY,2,DECLINED
POL0185,C0852,INVESTMENT,ACTIVE,2018-07-11,2028-07-08,18671.34,786348.51,ZAR,QUARTERLY,1,STANDARD
POL0186,C0758,HEALTH,LAPSED,2016-08-22,2021-08-21,5540.71,3139782.37,ZAR,MONTHLY,3,STANDARD
POL0187,C0655,LIFE,ACTIVE,2023-03-15,2028-03-13,3322.31,1058457.11,ZAR,MONTHLY,5,SUBSTANDARD
POL0188,C0851,HEALTH,ACTIVE,2015-02-18,2025-02-15,-2182.89,369541.62,ZAR,QUARTERLY,2,SUBSTANDARD
POL0189,C0017,HEALTH,ACTIVE,2024-11-17,2054-11-10,3441.18,4936723.52,ZAR,ANNUALLY,4,PREFERRED
POL0190,C0116,FUNERAL,ACTIVE,2024-09-20,2044-09-15,76.65,96806.19,ZAR,MONTHLY,3,STANDARD
POL0191,C0422,SHORT_TERM,PAID_UP,2018-03-21,2028-03-18,,1908406.19,ZAR,MONTHLY,4,STANDARD
POL0192,C0690,HEALTH,ACTIVE,2017-03-30,2022-03-29,809.66,2885314.23,ZAR,ANNUALLY,5,STANDARD
POL0193,C0378,HEALTH,ACTIVE,2019-11-24,2039-11-19,5675.07,775320.26,ZAR,QUARTERLY,5,STANDARD
POL0194,C0720,LIFE,ACTIVE,2016-12-25,2031-12-22,-555.27,224160.78,ZAR,MONTHLY,5,STANDARD
POL0195,C0986,FUNERAL,ACTIVE,2015-12-13,2035-12-08,259.35,58697.49,ZAR,ANNUALLY,1,SUBSTANDARD
POL0196,C0668,INVESTMENT,PAID_UP,2017-03-06,2022-03-05,13363.25,212713.28,ZAR,MONTHLY,5,STANDARD
POL0197,C0118,SHORT_TERM,ACTIVE,2018-06-05,2033-06-01,866.53,1603631.45,ZAR,ANNUALLY,1,STANDARD
POL0198,C0345,RETIREMENT,ACTIVE,2015-07-19,2045-07-11,-26837.87,2612403.61,ZAR,QUARTERLY,5,PREFERRED
POL0199,C0542,INVESTMENT,LAPSED,2018-04-25,2023-04-24,13133.49,370629.62,ZAR,QUARTERLY,4,SUBSTANDARD
POL0200,C0157,FUNERAL,LAPSED,2016-06-13,2021-06-12,62.59,20929.5,ZAR,ANNUALLY,1,STANDARD
POL0201,C0733,LIFE,ACTIVE,2021-10-14,2026-10-13,1842.94,550387.14,ZAR,ANNUALLY,4,STANDARD
POL0202,C0538,RETIREMENT,ACTIVE,2022-11-27,2027-11-26,17220.61,738631.36,ZAR,MONTHLY,3,SUBSTANDARD
POL0203,C0706,HEALTH,ACTIVE,2025-11-19,2045-11-14,3456.92,4008879.74,ZAR,QUARTERLY,2,STANDARD
POL0204,C0763,INVESTMENT,ACTIVE,2015-07-26,2035-07-21,8262.97,111571.05,ZAR,MONTHLY,1,STANDARD
POL0205,C0869,HEALTH,ACTIVE,2015-11-06,2035-11-01,4750.19,2338046.04,ZAR,MONTHLY,4,SUBSTANDARD
POL0206,C0153,LIFE,LAPSED,2017-09-19,2032-09-15,1011.92,249284.19,ZAR,ANNUALLY,3,STANDARD
POL0207,,HEALTH,ACTIVE,2016-01-14,2046-01-06,6487.94,4910425.66,ZAR,MONTHLY,4,PREFERRED
POL0208,C0083,SHORT_TERM,ACTIVE,2016-08-04,2036-07-30,621.79,743471.92,ZAR,MONTHLY,1,STANDARD
POL0209,C0473,INVESTMENT,LAPSED,2021-07-03,2031-07-01,12737.05,605768.58,ZAR,QUARTERLY,4,STANDARD
POL0210,C0353,SHORT_TERM,MATURED,2021-12-22,2051-12-15,2462.41,1161720.52,ZAR,QUARTERLY,1,PREFERRED
POL0211,C0114,HEALTH,ACTIVE,2024-05-21,2054-05-14,2310.35,1180388.99,ZAR,ANNUALLY,2,PREFERRED
POL0212,C0191,FUNERAL,LAPSED,2020-10-28,2030-10-26,193.75,67132.07,ZAR,ANNUALLY,3,SUBSTANDARD
POL0213,C0596,INVESTMENT,ACTIVE,2023-11-05,2048-10-29,7992.81,94587.42,ZAR,ANNUALLY,4,PREFERRED
POL0214,C0959,RETIREMENT,MATURED,2015-06-16,2035-06-11,2330.12,184456.6,ZAR,QUARTERLY,4,STANDARD
POL0215,C0468,LIFE,ACTIVE,2026-05-08,2031-05-07,,124629.47,ZAR,MONTHLY,5,SUBSTANDARD
POL0216,C0654,SHORT_TERM,ACTIVE,2015-01-30,2030-01-26,754.09,1928233.74,ZAR,QUARTERLY,1,STANDARD
POL0217,C0474,HEALTH,ACTIVE,2026-05-15,2036-05-12,,2340314.0,ZAR,QUARTERLY,3,SUBSTANDARD
POL0218,C0553,RETIREMENT,ACTIVE,2020-06-21,2035-06-18,8769.27,355732.8,ZAR,QUARTERLY,3,STANDARD
POL0219,C0297,FUNERAL,ACTIVE,2018-09-09,2038-09-04,365.07,78513.66,ZAR,QUARTERLY,1,STANDARD
POL0220,C0709,LIFE,CANCELLED,2015-07-18,2040-07-11,4053.95,1564408.45,ZAR,QUARTERLY,4,STANDARD
POL0221,C0876,FUNERAL,ACTIVE,2024-07-08,2054-07-01,71.7,59999.04,ZAR,ANNUALLY,3,SUBSTANDARD
POL0222,C0174,FUNERAL,ACTIVE,2025-02-13,2030-02-12,59.07,12370.42,ZAR,MONTHLY,1,STANDARD
POL0223,C0758,HEALTH,ACTIVE,2023-11-21,2048-11-14,6179.41,610835.7,ZAR,ANNUALLY,3,STANDARD
POL0224,C0532,SHORT_TERM,ACTIVE,2022-11-22,2042-11-17,1327.58,1173555.35,ZAR,MONTHLY,2,STANDARD
POL0225,C0181,HEALTH,ACTIVE,2024-07-12,2054-07-05,4102.76,847553.25,ZAR,ANNUALLY,2,STANDARD
POL0226,C0179,RETIREMENT,ACTIVE,2019-01-15,2034-01-11,29779.74,1183787.02,ZAR,ANNUALLY,5,STANDARD
POL0227,C0400,INVESTMENT,ACTIVE,2023-11-27,2028-11-25,13637.29,193750.24,ZAR,QUARTERLY,4,STANDARD
POL0228,C0941,LIFE,ACTIVE,2022-11-12,2027-11-11,4743.9,1497941.05,ZAR,MONTHLY,5,DECLINED
POL0229,C0717,SHORT_TERM,CANCELLED,2022-12-20,2037-12-16,367.07,803084.48,ZAR,QUARTERLY,1,SUBSTANDARD
POL0230,C0472,INVESTMENT,MATURED,2018-12-19,2038-12-14,13437.53,491493.95,ZAR,MONTHLY,2,STANDARD
POL0231,C0171,HEALTH,LAPSED,2024-10-11,2034-10-09,3019.71,1068647.74,ZAR,QUARTERLY,3,STANDARD
POL0232,C0413,RETIREMENT,ACTIVE,2025-08-12,2050-08-06,22539.13,826827.92,ZAR,MONTHLY,1,SUBSTANDARD
POL0233,C0211,INVESTMENT,ACTIVE,2021-10-20,2051-10-13,15962.42,323575.3,ZAR,QUARTERLY,5,STANDARD
POL0234,C0965,HEALTH,CANCELLED,2023-05-09,2028-05-07,6631.93,4185546.32,ZAR,ANNUALLY,1,PREFERRED
POL0235,C0017,HEALTH,ACTIVE,2020-01-26,2035-01-22,7369.4,1678515.09,ZAR,QUARTERLY,4,SUBSTANDARD
POL0236,C0348,INVESTMENT,PAID_UP,2022-11-25,2037-11-21,,13811.28,ZAR,QUARTERLY,4,SUBSTANDARD
POL0237,C0819,FUNERAL,ACTIVE,2023-01-22,2048-01-16,89.44,43800.94,ZAR,QUARTERLY,5,PREFERRED
POL0238,C0517,HEALTH,LAPSED,2024-11-11,2054-11-04,1444.17,3785717.09,ZAR,MONTHLY,4,PREFERRED
POL0239,C0463,RETIREMENT,ACTIVE,2015-02-16,2035-02-11,28970.97,1353172.41,ZAR,MONTHLY,2,DECLINED
POL0240,C0656,SHORT_TERM,ACTIVE,2021-09-08,2036-09-04,2864.47,147713.93,ZAR,MONTHLY,2,STANDARD
POL0241,C0760,HEALTH,CANCELLED,2018-08-19,2043-08-13,6352.06,4095989.98,ZAR,MONTHLY,4,STANDARD
POL0242,C0439,LIFE,ACTIVE,2022-04-02,2032-03-30,1462.06,682077.67,ZAR,ANNUALLY,5,SUBSTANDARD
POL0243,C0096,INVESTMENT,LAPSED,2018-07-10,2043-07-04,3119.58,152167.89,ZAR,QUARTERLY,4,STANDARD
POL0244,C0804,RETIREMENT,ACTIVE,2018-01-10,2033-01-06,22585.76,836149.71,ZAR,QUARTERLY,3,STANDARD
POL0245,C0668,INVESTMENT,LAPSED,2026-01-02,2050-12-27,3090.69,39079.85,ZAR,MONTHLY,2,DECLINED
POL0246,C0865,INVESTMENT,MATURED,2016-11-18,2046-11-11,13934.02,692058.6,ZAR,QUARTERLY,3,STANDARD
POL0247,C0667,LIFE,ACTIVE,2020-09-24,2035-09-21,4192.27,714027.12,ZAR,QUARTERLY,4,DECLINED
POL0248,C0159,RETIREMENT,CANCELLED,2022-09-11,2027-09-10,8611.84,747020.27,ZAR,MONTHLY,1,SUBSTANDARD
POL0249,C0454,RETIREMENT,CANCELLED,2023-08-03,2053-07-26,20111.73,1858219.71,ZAR,MONTHLY,2,DECLINED
POL0250,C0828,RETIREMENT,ACTIVE,2015-12-06,2030-12-02,28602.62,2629430.7,ZAR,QUARTERLY,4,STANDARD
POL0251,C0980,SHORT_TERM,ACTIVE,2020-08-13,2050-08-06,2128.43,954621.46,ZAR,MONTHLY,1,PREFERRED
POL0252,C0889,INVESTMENT,ACTIVE,2021-12-27,2031-12-25,3047.88,89383.26,ZAR,ANNUALLY,4,STANDARD
POL0253,C0127,RETIREMENT,ACTIVE,2025-07-02,2055-06-25,4952.6,232768.55,ZAR,ANNUALLY,5,PREFERRED
POL0254,C0748,HEALTH,ACTIVE,2025-09-12,2030-09-11,5727.68,1898789.6,ZAR,QUARTERLY,2,STANDARD
POL0255,C0415,LIFE,ACTIVE,2016-05-24,2036-05-19,354.57,164363.14,ZAR,QUARTERLY,4,STANDARD
POL0256,C0899,LIFE,MATURED,2021-01-21,2046-01-15,4357.77,1057120.3,ZAR,ANNUALLY,3,STANDARD
POL0257,C0106,FUNERAL,LAPSED,2015-10-19,2030-10-15,66.71,58783.85,ZAR,MONTHLY,4,STANDARD
POL0258,C0452,INVESTMENT,ACTIVE,2025-10-03,2050-09-27,19916.63,630312.1,ZAR,ANNUALLY,3,DECLINED
POL0259,C0685,HEALTH,CANCELLED,2024-02-24,2034-02-21,3534.73,4117918.8,ZAR,QUARTERLY,5,STANDARD
POL0260,C0918,SHORT_TERM,MATURED,2020-07-10,2045-07-04,1679.6,210617.51,ZAR,ANNUALLY,1,STANDARD
POL0261,C0087,LIFE,ACTIVE,2026-06-27,2056-06-19,4300.6,819531.01,ZAR,ANNUALLY,2,SUBSTANDARD
POL0262,C0254,RETIREMENT,CANCELLED,2022-05-06,2047-04-30,,1986262.72,ZAR,QUARTERLY,3,STANDARD
POL0263,C0601,INVESTMENT,ACTIVE,2022-12-14,2037-12-10,6978.85,207446.35,ZAR,MONTHLY,5,STANDARD
POL0264,C0050,INVESTMENT,CANCELLED,2015-10-19,2020-10-17,12592.57,283105.2,ZAR,MONTHLY,5,SUBSTANDARD
POL0265,C0748,RETIREMENT,ACTIVE,2017-06-28,2027-06-26,8423.63,457962.93,ZAR,ANNUALLY,5,SUBSTANDARD
POL0266,C0343,RETIREMENT,ACTIVE,2023-08-18,2053-08-10,9128.97,668126.6,ZAR,QUARTERLY,2,PREFERRED
POL0267,C0012,LIFE,ACTIVE,2022-03-27,2042-03-22,3465.77,1559898.81,ZAR,ANNUALLY,2,PREFERRED
POL0268,C0246,RETIREMENT,ACTIVE,2015-02-05,2045-01-28,9552.01,572853.11,ZAR,ANNUALLY,3,STANDARD
POL0269,C0293,FUNERAL,ACTIVE,2022-12-09,2042-12-04,179.58,66980.19,ZAR,QUARTERLY,1,STANDARD
POL0270,C0964,SHORT_TERM,LAPSED,2025-09-24,2030-09-23,605.23,58132.48,ZAR,QUARTERLY,2,DECLINED
POL0271,C0212,HEALTH,ACTIVE,2025-05-24,2030-05-23,4269.78,4230678.39,ZAR,ANNUALLY,5,STANDARD
POL0272,C0315,LIFE,ACTIVE,2022-05-06,2052-04-28,1712.87,584343.26,ZAR,ANNUALLY,2,STANDARD
POL0273,C0812,HEALTH,ACTIVE,2023-10-06,2038-10-02,3362.22,994215.97,ZAR,MONTHLY,3,STANDARD
POL0274,C0817,INVESTMENT,ACTIVE,2016-04-10,2021-04-09,11676.53,229775.31,ZAR,ANNUALLY,3,STANDARD
POL0275,C0861,SHORT_TERM,ACTIVE,2018-04-21,2043-04-15,1865.2,277137.68,ZAR,QUARTERLY,5,SUBSTANDARD
POL0276,C0120,HEALTH,LAPSED,2015-11-10,2035-11-05,1576.52,1059034.53,ZAR,QUARTERLY,2,STANDARD
POL0277,C0646,FUNERAL,PAID_UP,2021-12-23,2026-12-22,380.25,35189.98,ZAR,MONTHLY,3,PREFERRED
POL0278,C0983,FUNERAL,ACTIVE,2021-02-16,2046-02-10,496.77,18879.42,ZAR,ANNUALLY,4,STANDARD
POL0279,C0676,FUNERAL,ACTIVE,2024-06-02,2034-05-31,292.98,65236.71,ZAR,ANNUALLY,1,STANDARD
POL0280,C0476,FUNERAL,CANCELLED,2021-08-30,2026-08-29,348.39,86080.3,ZAR,ANNUALLY,2,SUBSTANDARD
POL0281,C0059,HEALTH,LAPSED,2024-05-28,2044-05-23,2803.63,4992205.54,ZAR,MONTHLY,3,STANDARD
POL0282,C0918,FUNERAL,ACTIVE,2022-08-06,2027-08-05,172.5,30217.05,ZAR,ANNUALLY,5,STANDARD
POL0283,C0648,FUNERAL,ACTIVE,2022-02-06,2027-02-05,70.58,64409.15,ZAR,ANNUALLY,3,PREFERRED
POL0284,C0557,LIFE,LAPSED,2024-03-21,2054-03-14,4342.22,1289518.65,ZAR,QUARTERLY,4,STANDARD
POL0285,C0074,INVESTMENT,ACTIVE,2019-02-15,2034-02-11,842.76,24399.34,ZAR,MONTHLY,5,STANDARD
POL0286,C0989,FUNERAL,CANCELLED,2024-11-15,2029-11-14,499.51,84833.25,ZAR,QUARTERLY,2,SUBSTANDARD
POL0287,C0156,RETIREMENT,LAPSED,2016-05-07,2046-04-30,11130.12,354030.2,ZAR,MONTHLY,2,SUBSTANDARD
POL0288,C0501,FUNERAL,CANCELLED,2022-06-26,2047-06-20,262.39,94818.15,ZAR,MONTHLY,3,PREFERRED
POL0289,C0377,INVESTMENT,ACTIVE,2016-07-16,2021-07-15,16166.43,777844.2,ZAR,MONTHLY,5,STANDARD
POL0290,C0947,SHORT_TERM,ACTIVE,2022-10-09,2047-10-03,1216.3,761901.25,ZAR,QUARTERLY,1,STANDARD
POL0291,C0506,LIFE,ACTIVE,2016-08-03,2026-08-01,248.35,81529.67,ZAR,MONTHLY,5,STANDARD
POL0292,C0987,RETIREMENT,ACTIVE,2021-11-06,2026-11-05,25014.72,2496739.06,ZAR,MONTHLY,4,STANDARD
POL0293,C0884,SHORT_TERM,ACTIVE,2017-08-14,2027-08-12,990.96,662576.77,ZAR,ANNUALLY,1,SUBSTANDARD
POL0294,C0102,INVESTMENT,ACTIVE,2025-12-12,2035-12-10,8815.45,208098.36,ZAR,ANNUALLY,1,SUBSTANDARD
POL0295,C0563,SHORT_TERM,PAID_UP,2021-04-21,2046-04-15,2969.37,1251869.81,ZAR,MONTHLY,2,STANDARD
POL0296,C0208,LIFE,PAID_UP,2026-08-28,2051-08-22,3693.37,1708319.03,ZAR,QUARTERLY,2,STANDARD
POL0297,C0351,LIFE,PAID_UP,2018-03-06,2038-03-01,2101.82,943729.38,ZAR,QUARTERLY,5,SUBSTANDARD
POL0298,C0454,SHORT_TERM,LAPSED,2026-01-03,2031-01-02,1802.25,1578554.0,ZAR,ANNUALLY,2,STANDARD
POL0299,C0108,INVESTMENT,LAPSED,2025-09-26,2050-09-20,13978.46,585917.42,ZAR,ANNUALLY,5,STANDARD
POL0300,C0068,LIFE,ACTIVE,2023-08-27,2053-08-19,4062.72,1560347.39,ZAR,ANNUALLY,5,STANDARD
POL0301,,INVESTMENT,ACTIVE,2021-07-19,2036-07-15,19615.03,222318.54,ZAR,MONTHLY,1,STANDARD
POL0302,C0544,INVESTMENT,ACTIVE,2026-04-09,2051-04-03,8636.59,322066.2,ZAR,MONTHLY,1,PREFERRED
POL0303,C0387,INVESTMENT,LAPSED,2016-08-05,2041-07-30,4957.6,52521.63,ZAR,MONTHLY,3,PREFERRED
POL0304,C0825,SHORT_TERM,ACTIVE,2017-07-19,2037-07-14,633.17,687958.11,ZAR,ANNUALLY,1,SUBSTANDARD
POL0305,C0255,LIFE,ACTIVE,2020-01-28,2050-01-20,3620.03,519541.62,ZAR,ANNUALLY,5,SUBSTANDARD
POL0306,C0290,RETIREMENT,ACTIVE,2024-05-30,2034-05-28,10535.18,1015844.61,ZAR,ANNUALLY,2,STANDARD
POL0307,C0986,INVESTMENT,ACTIVE,2018-10-31,2038-10-26,-1645.81,43069.11,ZAR,MONTHLY,5,PREFERRED
POL0308,C0849,LIFE,MATURED,2018-12-17,2028-12-14,1148.18,473150.72,ZAR,MONTHLY,1,PREFERRED
POL0309,C0705,SHORT_TERM,CANCELLED,2021-02-10,2041-02-05,2249.54,1988742.3,ZAR,QUARTERLY,1,STANDARD
POL0310,C1000,INVESTMENT,ACTIVE,2024-11-25,2049-11-19,11500.69,176922.29,ZAR,ANNUALLY,3,SUBSTANDARD
POL0311,C0764,LIFE,MATURED,2019-10-27,2029-10-24,928.39,112687.63,ZAR,MONTHLY,2,SUBSTANDARD
POL0312,C0162,SHORT_TERM,ACTIVE,2018-06-20,2033-06-16,1931.25,248857.71,ZAR,ANNUALLY,3,STANDARD
POL0313,C0077,FUNERAL,LAPSED,2024-02-23,2039-02-19,195.83,38662.86,ZAR,ANNUALLY,5,STANDARD
POL0314,C0594,LIFE,LAPSED,2023-09-17,2028-09-15,2358.61,760627.2,ZAR,ANNUALLY,5,SUBSTANDARD
POL0315,C0347,LIFE,CANCELLED,2022-02-07,2052-01-31,2945.84,629751.23,ZAR,ANNUALLY,3,STANDARD
POL0316,C0490,FUNERAL,ACTIVE,2023-01-24,2028-01-23,104.41,50981.93,ZAR,MONTHLY,2,PREFERRED
POL0317,C0399,HEALTH,LAPSED,2020-02-21,2035-02-17,7279.26,2699948.09,ZAR,QUARTERLY,2,STANDARD
POL0318,C0750,INVESTMENT,MATURED,2026-01-29,2036-01-27,16749.68,740393.91,ZAR,ANNUALLY,1,STANDARD
POL0319,C0843,INVESTMENT,CANCELLED,2022-08-23,2032-08-20,6199.05,131245.53,ZAR,MONTHLY,5,SUBSTANDARD
POL0320,C0341,RETIREMENT,MATURED,2022-08-14,2032-08-11,10303.47,298532.14,ZAR,MONTHLY,5,STANDARD
POL0321,C0319,LIFE,LAPSED,2026-06-07,2056-05-30,2486.49,589241.28,ZAR,MONTHLY,3,STANDARD
POL0322,C0232,RETIREMENT,PAID_UP,2024-01-21,2049-01-14,4088.52,126170.54,ZAR,MONTHLY,1,STANDARD
POL0323,C0973,FUNERAL,ACTIVE,2020-02-16,2040-02-11,479.56,69362.44,ZAR,ANNUALLY,3,DECLINED
POL0324,C0770,INVESTMENT,PAID_UP,2023-09-11,2038-09-07,18739.27,308932.13,ZAR,QUARTERLY,5,SUBSTANDARD
POL0325,C0076,RETIREMENT,ACTIVE,2021-01-30,2051-01-23,21196.38,1094202.36,ZAR,MONTHLY,4,PREFERRED
POL0326,C0436,RETIREMENT,ACTIVE,2015-05-28,2045-05-20,2843.45,87745.14,ZAR,QUARTERLY,2,SUBSTANDARD
POL0327,C0454,LIFE,ACTIVE,2018-05-09,2023-05-08,4200.89,657859.68,ZAR,MONTHLY,1,SUBSTANDARD
POL0328,C0348,INVESTMENT,ACTIVE,2020-09-01,2035-08-29,1214.48,59534.78,ZAR,MONTHLY,1,STANDARD
POL0329,C0812,SHORT_TERM,MATURED,2015-02-08,2035-02-03,2152.37,1331047.19,ZAR,ANNUALLY,4,STANDARD
POL0330,C0305,HEALTH,MATURED,2022-08-29,2052-08-21,5649.47,1354077.59,ZAR,ANNUALLY,3,STANDARD
POL0331,C0904,FUNERAL,ACTIVE,2021-03-25,2026-03-24,132.84,90109.02,ZAR,ANNUALLY,2,SUBSTANDARD
POL0332,C0737,HEALTH,ACTIVE,2022-04-02,2052-03-25,2696.01,2436713.2,ZAR,QUARTERLY,3,STANDARD
POL0333,C0887,LIFE,PAID_UP,2015-11-08,2030-11-04,2861.78,1032493.54,ZAR,QUARTERLY,5,STANDARD
POL0334,C0728,SHORT_TERM,CANCELLED,2023-01-09,2048-01-03,1248.32,1826243.81,ZAR,MONTHLY,4,DECLINED
POL0335,C0300,FUNERAL,ACTIVE,2018-02-25,2033-02-21,259.64,26061.96,ZAR,ANNUALLY,5,DECLINED
POL0336,C0240,INVESTMENT,CANCELLED,2024-02-23,2034-02-20,16810.16,474197.73,ZAR,QUARTERLY,2,PREFERRED
POL0337,C0793,HEALTH,LAPSED,2015-10-09,2035-10-04,4035.56,1276695.02,ZAR,QUARTERLY,4,PREFERRED
POL0338,C0951,RETIREMENT,LAPSED,2024-11-20,2044-11-15,21105.98,1422181.97,ZAR,MONTHLY,5,PREFERRED
POL0339,C0900,HEALTH,CANCELLED,2016-06-21,2031-06-18,5761.57,1758984.65,ZAR,ANNUALLY,2,DECLINED
POL0340,C0322,LIFE,ACTIVE,2022-10-06,2042-10-01,4957.42,961149.96,ZAR,QUARTERLY,4,SUBSTANDARD
POL0341,C0981,FUNERAL,ACTIVE,2016-07-14,2041-07-08,248.71,38225.2,ZAR,QUARTERLY,1,PREFERRED
POL0342,C0487,LIFE,ACTIVE,2022-08-13,2052-08-05,2749.54,558761.44,ZAR,MONTHLY,1,STANDARD
POL0343,C0841,FUNERAL,ACTIVE,2018-03-01,2048-02-22,170.59,82699.98,ZAR,QUARTERLY,3,STANDARD
POL0344,C0308,LIFE,ACTIVE,2026-06-03,2031-06-02,3719.73,1703899.91,ZAR,MONTHLY,2,STANDARD
POL0345,C0299,FUNERAL,ACTIVE,2015-10-16,2025-10-13,355.35,95735.15,ZAR,QUARTERLY,3,PREFERRED
POL0346,C0387,INVESTMENT,ACTIVE,2017-04-18,2047-04-11,1409.0,60705.1,ZAR,QUARTERLY,1,PREFERRED
POL0347,C0835,FUNERAL,ACTIVE,2026-06-20,2056-06-12,419.67,64680.32,ZAR,ANNUALLY,4,PREFERRED
POL0348,C0865,SHORT_TERM,ACTIVE,2019-06-30,2024-06-28,772.34,999661.42,ZAR,QUARTERLY,2,STANDARD
POL0349,C0640,SHORT_TERM,LAPSED,2020-04-03,2030-04-01,1959.6,119430.44,ZAR,MONTHLY,3,STANDARD
POL0350,C0680,HEALTH,MATURED,2020-02-22,2040-02-17,1433.88,3522544.54,ZAR,MONTHLY,5,STANDARD
POL0351,C0877,LIFE,MATURED,2022-09-30,2042-09-25,2309.19,917123.15,ZAR,QUARTERLY,1,STANDARD
POL0352,C0030,INVESTMENT,ACTIVE,2020-08-29,2040-08-24,6762.44,139345.08,ZAR,QUARTERLY,3,STANDARD
POL0353,C0806,RETIREMENT,MATURED,2023-02-20,2028-02-19,4883.3,206675.79,ZAR,QUARTERLY,1,PREFERRED
POL0354,C0251,INVESTMENT,LAPSED,2021-09-23,2036-09-19,12464.58,220363.49,ZAR,MONTHLY,1,STANDARD
POL0355,C0593,SHORT_TERM,ACTIVE,2015-11-14,2025-11-11,1971.56,1354614.9,ZAR,QUARTERLY,4,SUBSTANDARD
POL0356,C0018,FUNERAL,ACTIVE,2021-05-21,2041-05-16,139.39,40317.33,ZAR,MONTHLY,5,STANDARD
POL0357,C0757,HEALTH,CANCELLED,2017-04-20,2042-04-14,813.4,2477847.14,ZAR,MONTHLY,3,SUBSTANDARD
POL0358,C0868,LIFE,ACTIVE,2024-06-07,2034-06-05,604.94,114953.64,ZAR,ANNUALLY,4,SUBSTANDARD
POL0359,C0343,FUNERAL,ACTIVE,2021-12-05,2026-12-04,331.24,16827.7,ZAR,ANNUALLY,4,STANDARD
POL0360,C0342,FUNERAL,ACTIVE,2018-11-13,2043-11-07,371.1,80430.28,ZAR,QUARTERLY,2,SUBSTANDARD
POL0361,C0407,HEALTH,ACTIVE,2024-02-27,2039-02-23,4993.92,4542581.33,ZAR,MONTHLY,2,STANDARD
POL0362,C0635,SHORT_TERM,ACTIVE,2015-09-06,2025-09-03,1527.74,160293.01,ZAR,ANNUALLY,3,STANDARD
POL0363,C0550,LIFE,ACTIVE,2016-05-07,2026-05-05,2972.57,1266984.34,ZAR,ANNUALLY,5,PREFERRED
POL0364,C0953,INVESTMENT,ACTIVE,2025-08-16,2030-08-15,8377.23,138768.24,ZAR,QUARTERLY,3,STANDARD
POL0365,C0006,HEALTH,PAID_UP,2024-05-08,2029-05-07,2403.7,3382385.04,ZAR,ANNUALLY,5,PREFERRED
POL0366,C0939,SHORT_TERM,ACTIVE,2016-04-27,2021-04-26,2124.21,1556757.02,ZAR,MONTHLY,5,STANDARD
POL0367,C0918,LIFE,ACTIVE,2015-01-11,2025-01-08,540.07,183547.42,ZAR,MONTHLY,1,STANDARD
POL0368,C0356,SHORT_TERM,CANCELLED,2022-02-17,2027-02-16,1086.73,1033713.2,ZAR,QUARTERLY,2,STANDARD
POL0369,C0803,FUNERAL,MATURED,2021-01-15,2051-01-08,143.12,28604.19,ZAR,QUARTERLY,5,STANDARD
POL0370,C1000,RETIREMENT,ACTIVE,2025-01-12,2035-01-10,2427.83,87177.71,ZAR,QUARTERLY,3,STANDARD
POL0371,C0093,LIFE,ACTIVE,2025-07-25,2030-07-24,4467.43,2046708.02,ZAR,ANNUALLY,3,SUBSTANDARD
POL0372,C0364,HEALTH,PAID_UP,2024-01-08,2049-01-01,3794.02,4623031.14,ZAR,QUARTERLY,4,STANDARD
POL0373,C0616,SHORT_TERM,ACTIVE,2021-03-22,2031-03-20,849.22,683531.0,ZAR,MONTHLY,4,SUBSTANDARD
POL0374,C0219,RETIREMENT,ACTIVE,2021-05-27,2036-05-23,6655.3,553736.24,ZAR,MONTHLY,3,STANDARD
POL0375,C0763,LIFE,MATURED,2019-06-24,2044-06-17,491.81,141803.26,ZAR,QUARTERLY,1,STANDARD
POL0376,C0388,FUNERAL,CANCELLED,2020-10-01,2035-09-28,357.88,87412.09,ZAR,QUARTERLY,3,STANDARD
POL0377,C0742,RETIREMENT,LAPSED,2020-10-12,2050-10-05,20795.94,716161.31,ZAR,ANNUALLY,4,STANDARD
POL0378,C0512,HEALTH,ACTIVE,2020-03-21,2040-03-16,7026.9,3638132.8,ZAR,ANNUALLY,3,STANDARD
POL0379,C0513,RETIREMENT,ACTIVE,2018-01-15,2048-01-08,11278.96,239620.41,ZAR,MONTHLY,4,PREFERRED
POL0380,C0324,FUNERAL,CANCELLED,2015-11-15,2025-11-12,482.56,37588.07,ZAR,MONTHLY,2,STANDARD
POL0381,C0022,SHORT_TERM,LAPSED,2021-11-12,2041-11-07,2488.52,1603435.75,ZAR,QUARTERLY,3,STANDARD
POL0382,C0929,SHORT_TERM,MATURED,2021-05-22,2041-05-17,339.22,585122.46,ZAR,MONTHLY,2,STANDARD
POL0383,C0626,INVESTMENT,ACTIVE,2022-06-05,2027-06-04,16975.82,366455.32,ZAR,ANNUALLY,5,STANDARD
POL0384,C0162,RETIREMENT,CANCELLED,2023-02-16,2053-02-08,4592.46,416649.52,ZAR,ANNUALLY,2,STANDARD
POL0385,C0734,LIFE,LAPSED,2025-09-20,2055-09-13,1603.96,639239.83,ZAR,MONTHLY,3,STANDARD
POL0386,C0879,INVESTMENT,CANCELLED,2026-06-17,2041-06-13,18902.39,615903.93,ZAR,ANNUALLY,2,STANDARD
POL0387,C0582,FUNERAL,PAID_UP,2016-03-03,2026-03-01,233.58,20679.29,ZAR,MONTHLY,5,STANDARD
POL0388,C0632,SHORT_TERM,ACTIVE,2025-01-14,2045-01-09,2410.14,1587925.65,ZAR,MONTHLY,2,SUBSTANDARD
POL0389,C0572,INVESTMENT,ACTIVE,2016-09-17,2041-09-11,,426174.32,ZAR,ANNUALLY,2,PREFERRED
POL0390,C0999,RETIREMENT,ACTIVE,2019-02-27,2034-02-23,11021.66,876511.4,ZAR,MONTHLY,4,STANDARD
POL0391,C0287,INVESTMENT,ACTIVE,2021-01-15,2051-01-08,-16054.4,745064.09,ZAR,ANNUALLY,5,SUBSTANDARD
POL0392,C0814,FUNERAL,ACTIVE,2025-07-11,2050-07-05,316.09,74399.44,ZAR,MONTHLY,3,STANDARD
POL0393,C0129,LIFE,ACTIVE,2022-02-09,2042-02-04,316.19,61498.1,ZAR,QUARTERLY,1,STANDARD
POL0394,C0335,INVESTMENT,ACTIVE,2016-09-12,2041-09-06,9720.19,331946.05,ZAR,ANNUALLY,1,PREFERRED
POL0395,C0374,RETIREMENT,PAID_UP,2024-11-21,2054-11-14,6248.69,322359.5,ZAR,ANNUALLY,1,SUBSTANDARD
POL0396,C0032,HEALTH,ACTIVE,2022-12-21,2032-12-18,1541.22,4183884.72,ZAR,ANNUALLY,2,SUBSTANDARD
POL0397,C0750,RETIREMENT,ACTIVE,2024-10-27,2049-10-21,19627.06,1342639.16,ZAR,ANNUALLY,2,STANDARD
POL0398,C0903,FUNERAL,ACTIVE,2025-04-17,2040-04-13,384.06,64091.88,ZAR,ANNUALLY,5,STANDARD
POL0399,C0113,HEALTH,LAPSED,2018-03-10,2043-03-04,1811.66,665913.87,ZAR,ANNUALLY,2,STANDARD
POL0400,C0900,LIFE,MATURED,2019-09-02,2034-08-29,3261.03,1004226.04,ZAR,QUARTERLY,3,STANDARD
POL0401,C0977,LIFE,ACTIVE,2015-10-02,2030-09-28,2464.18,628956.31,ZAR,ANNUALLY,5,STANDARD
POL0402,,FUNERAL,ACTIVE,2021-11-27,2026-11-26,189.26,66856.62,ZAR,QUARTERLY,5,PREFERRED
POL0403,,RETIREMENT,ACTIVE,2025-10-02,2055-09-25,17814.3,836536.41,ZAR,ANNUALLY,3,STANDARD
POL0404,C0197,HEALTH,ACTIVE,2026-01-20,2051-01-14,5903.31,321127.3,ZAR,ANNUALLY,1,PREFERRED
POL0405,C0398,LIFE,LAPSED,2026-08-02,2041-07-29,2612.45,536392.57,ZAR,QUARTERLY,1,STANDARD
POL0406,C0963,INVESTMENT,LAPSED,2016-11-10,2041-11-04,14605.8,206416.94,ZAR,ANNUALLY,4,STANDARD
POL0407,C0968,RETIREMENT,ACTIVE,2021-03-13,2031-03-11,7248.86,545309.35,ZAR,MONTHLY,1,STANDARD
POL0408,C0442,SHORT_TERM,ACTIVE,2015-05-28,2030-05-24,1096.91,582210.3,ZAR,ANNUALLY,4,PREFERRED
POL0409,C0139,FUNERAL,LAPSED,2022-09-04,2027-09-03,142.94,64625.44,ZAR,MONTHLY,2,STANDARD
POL0410,C0218,HEALTH,LAPSED,2015-03-28,2030-03-24,6499.87,1335649.97,ZAR,MONTHLY,2,STANDARD
POL0411,C0771,SHORT_TERM,ACTIVE,2021-08-04,2036-07-31,2691.4,1644647.02,ZAR,MONTHLY,2,STANDARD
POL0412,C0259,SHORT_TERM,ACTIVE,2023-07-22,2048-07-15,1754.44,585266.64,ZAR,MONTHLY,3,STANDARD
POL0413,C0336,INVESTMENT,ACTIVE,2026-03-31,2051-03-25,3233.08,111867.21,ZAR,MONTHLY,2,DECLINED
POL0414,C0681,LIFE,ACTIVE,2020-02-07,2030-02-04,3147.8,806359.33,ZAR,MONTHLY,1,STANDARD
POL0415,C0972,LIFE,ACTIVE,2016-12-25,2026-12-23,1912.66,938377.75,ZAR,QUARTERLY,4,STANDARD
POL0416,C0892,INVESTMENT,LAPSED,2016-01-30,2031-01-26,561.85,19459.97,ZAR,MONTHLY,2,STANDARD
POL0417,C0677,INVESTMENT,ACTIVE,2018-12-27,2033-12-23,9329.57,114942.29,ZAR,ANNUALLY,5,STANDARD
POL0418,C0050,HEALTH,PAID_UP,2024-09-06,2054-08-30,5172.25,3121846.28,ZAR,ANNUALLY,5,PREFERRED
POL0419,C0078,FUNERAL,ACTIVE,2017-03-10,2027-03-08,342.57,63949.36,ZAR,ANNUALLY,4,PREFERRED
POL0420,C0899,FUNERAL,ACTIVE,2023-01-04,2042-12-30,336.88,70710.24,ZAR,QUARTERLY,2,SUBSTANDARD
POL0421,C0752,SHORT_TERM,ACTIVE,2021-05-11,2051-05-04,2222.84,1872201.77,ZAR,MONTHLY,2,STANDARD
POL0422,C0335,SHORT_TERM,ACTIVE,2025-02-27,2050-02-21,1522.61,417277.2,ZAR,QUARTERLY,4,STANDARD
POL0423,C0130,FUNERAL,PAID_UP,2026-02-18,2041-02-14,361.95,72892.83,ZAR,QUARTERLY,5,STANDARD
POL0424,C0455,FUNERAL,CANCELLED,2019-05-22,2024-05-20,78.45,59644.74,ZAR,MONTHLY,1,PREFERRED
POL0425,C0996,HEALTH,LAPSED,2017-05-19,2042-05-13,1994.17,2405310.58,ZAR,QUARTERLY,2,PREFERRED
POL0426,C0100,LIFE,ACTIVE,2018-08-09,2028-08-06,3452.6,872385.72,ZAR,MONTHLY,2,PREFERRED
POL0427,C0623,SHORT_TERM,MATURED,2017-03-11,2022-03-10,2609.15,304960.35,ZAR,QUARTERLY,3,SUBSTANDARD
POL0428,C0463,HEALTH,ACTIVE,2021-01-22,2051-01-15,2060.99,3856034.48,ZAR,ANNUALLY,4,STANDARD
POL0429,C0897,INVESTMENT,ACTIVE,2021-07-22,2041-07-17,2543.78,42295.26,ZAR,QUARTERLY,2,STANDARD
POL0430,C0930,RETIREMENT,LAPSED,2024-09-28,2044-09-23,26400.81,2038716.16,ZAR,MONTHLY,3,STANDARD
POL0431,C0799,FUNERAL,CANCELLED,2019-03-07,2024-03-05,329.44,99816.4,ZAR,ANNUALLY,3,PREFERRED
POL0432,C0840,FUNERAL,ACTIVE,2017-05-05,2027-05-03,,17476.37,ZAR,MONTHLY,4,SUBSTANDARD
POL0433,C0440,RETIREMENT,ACTIVE,2017-11-17,2047-11-10,28065.71,1649317.28,ZAR,ANNUALLY,1,PREFERRED
POL0434,C0695,INVESTMENT,ACTIVE,2024-06-25,2034-06-23,9928.58,352069.72,ZAR,ANNUALLY,2,PREFERRED
POL0435,C0142,LIFE,CANCELLED,2020-02-13,2045-02-06,-3509.09,1277916.0,ZAR,MONTHLY,2,DECLINED
POL0436,C0432,FUNERAL,ACTIVE,2023-09-02,2033-08-30,135.86,91618.57,ZAR,QUARTERLY,1,STANDARD
POL0437,C0068,LIFE,ACTIVE,2019-01-30,2029-01-27,4126.66,1027516.6,ZAR,QUARTERLY,3,STANDARD
POL0438,C0111,INVESTMENT,CANCELLED,2016-01-28,2041-01-21,15378.08,673163.36,ZAR,ANNUALLY,4,SUBSTANDARD
POL0439,C0765,INVESTMENT,ACTIVE,2023-02-10,2028-02-09,7756.75,246489.98,ZAR,ANNUALLY,1,PREFERRED
POL0440,C0989,INVESTMENT,ACTIVE,2021-09-20,2031-09-18,3921.05,123633.25,ZAR,MONTHLY,4,STANDARD
POL0441,C0851,HEALTH,ACTIVE,2016-08-15,2026-08-13,6745.9,3266121.07,ZAR,ANNUALLY,3,STANDARD
POL0442,C0932,INVESTMENT,ACTIVE,2026-08-07,2031-08-06,9941.31,199129.62,ZAR,MONTHLY,5,STANDARD
POL0443,C0007,RETIREMENT,ACTIVE,2016-09-30,2041-09-24,18397.68,1635951.69,ZAR,ANNUALLY,4,STANDARD
POL0444,C0014,INVESTMENT,CANCELLED,2017-12-23,2032-12-19,1185.38,57349.4,ZAR,ANNUALLY,1,STANDARD
POL0445,C0154,RETIREMENT,ACTIVE,2020-02-14,2030-02-11,29725.84,2716007.03,ZAR,ANNUALLY,1,STANDARD
POL0446,C0566,RETIREMENT,ACTIVE,2023-10-23,2038-10-19,11903.71,525563.42,ZAR,MONTHLY,3,SUBSTANDARD
POL0447,C0174,SHORT_TERM,LAPSED,2023-09-27,2033-09-24,1934.52,768187.18,ZAR,ANNUALLY,4,STANDARD
POL0448,C0837,RETIREMENT,LAPSED,2026-06-25,2046-06-20,12079.99,896473.0,ZAR,MONTHLY,1,STANDARD
POL0449,C0190,INVESTMENT,LAPSED,2026-07-03,2046-06-28,19177.08,491220.94,ZAR,ANNUALLY,1,STANDARD
POL0450,C0323,INVESTMENT,ACTIVE,2018-11-04,2048-10-27,2854.69,93900.04,ZAR,QUARTERLY,4,SUBSTANDARD
POL0451,C0423,INVESTMENT,MATURED,2025-10-14,2055-10-07,565.71,22140.14,ZAR,QUARTERLY,4,SUBSTANDARD
POL0452,C0598,INVESTMENT,ACTIVE,2026-05-04,2041-04-30,17667.98,571620.64,ZAR,QUARTERLY,2,STANDARD
POL0453,C0822,LIFE,ACTIVE,2023-02-23,2028-02-22,2084.31,971741.59,ZAR,ANNUALLY,3,STANDARD
POL0454,C0973,INVESTMENT,MATURED,2024-10-03,2039-09-30,-9746.91,318096.58,ZAR,MONTHLY,3,SUBSTANDARD
POL0455,C0395,SHORT_TERM,CANCELLED,2022-04-10,2052-04-02,2898.54,908174.27,ZAR,ANNUALLY,3,SUBSTANDARD
POL0456,C0773,LIFE,CANCELLED,2015-03-16,2045-03-08,1386.9,643168.12,ZAR,MONTHLY,1,STANDARD
POL0457,,INVESTMENT,ACTIVE,2025-02-25,2035-02-23,16207.95,497031.88,ZAR,ANNUALLY,3,STANDARD
POL0458,C0555,INVESTMENT,CANCELLED,2022-01-05,2027-01-04,19733.0,229843.54,ZAR,ANNUALLY,3,PREFERRED
POL0459,C0096,RETIREMENT,LAPSED,2015-02-09,2035-02-04,3924.67,363015.92,ZAR,MONTHLY,3,STANDARD
POL0460,C0386,SHORT_TERM,ACTIVE,2017-03-11,2047-03-04,2074.03,240949.62,ZAR,ANNUALLY,1,PREFERRED
POL0461,C0799,INVESTMENT,CANCELLED,2017-04-24,2047-04-17,,547706.77,ZAR,ANNUALLY,4,STANDARD
POL0462,C0254,INVESTMENT,ACTIVE,2019-04-21,2034-04-17,7508.2,219314.67,ZAR,ANNUALLY,4,STANDARD
POL0463,C0481,SHORT_TERM,MATURED,2021-10-24,2046-10-18,813.55,155208.01,ZAR,MONTHLY,2,STANDARD
POL0464,C0665,SHORT_TERM,ACTIVE,2018-10-02,2043-09-26,1974.11,1012894.82,ZAR,MONTHLY,2,SUBSTANDARD
POL0465,C0180,SHORT_TERM,ACTIVE,2015-08-16,2040-08-09,1153.19,72925.52,ZAR,QUARTERLY,5,STANDARD
POL0466,C0157,FUNERAL,ACTIVE,2025-02-16,2055-02-09,328.91,74337.29,ZAR,QUARTERLY,3,STANDARD
POL0467,C0388,LIFE,ACTIVE,2018-12-07,2028-12-04,3685.78,1317324.01,ZAR,MONTHLY,2,STANDARD
POL0468,C0064,HEALTH,ACTIVE,2016-06-03,2036-05-29,2022.81,3738232.84,ZAR,MONTHLY,3,STANDARD
POL0469,C0827,FUNERAL,PAID_UP,2016-12-18,2031-12-15,66.05,56467.32,ZAR,ANNUALLY,1,SUBSTANDARD
POL0470,C0358,LIFE,CANCELLED,2015-11-05,2030-11-01,2122.61,1047732.27,ZAR,ANNUALLY,1,STANDARD
POL0471,C0093,HEALTH,ACTIVE,2020-07-25,2050-07-18,7633.78,3399546.61,ZAR,ANNUALLY,2,STANDARD
POL0472,C0694,HEALTH,ACTIVE,2025-11-26,2050-11-20,,1068351.7,ZAR,QUARTERLY,4,STANDARD
POL0473,C0228,LIFE,ACTIVE,2020-07-02,2035-06-29,3778.43,477250.42,ZAR,ANNUALLY,5,STANDARD
POL0474,C0234,RETIREMENT,ACTIVE,2022-01-24,2027-01-23,6519.31,175178.6,ZAR,MONTHLY,4,STANDARD
POL0475,C0219,HEALTH,ACTIVE,2024-01-12,2049-01-05,3698.23,3616041.25,ZAR,ANNUALLY,4,SUBSTANDARD
POL0476,C0971,RETIREMENT,CANCELLED,2016-03-23,2041-03-17,29862.17,1218898.02,ZAR,MONTHLY,4,SUBSTANDARD
POL0477,C0639,INVESTMENT,ACTIVE,2021-09-22,2036-09-18,9107.23,132754.42,ZAR,QUARTERLY,2,PREFERRED
POL0478,C0862,HEALTH,CANCELLED,2021-06-14,2046-06-08,,1958761.7,ZAR,QUARTERLY,5,STANDARD
POL0479,C0779,INVESTMENT,MATURED,2023-01-11,2033-01-08,17344.38,535299.32,ZAR,ANNUALLY,1,STANDARD
POL0480,C0542,RETIREMENT,CANCELLED,2026-01-19,2036-01-17,7806.97,769936.67,ZAR,MONTHLY,5,STANDARD
POL0481,C0933,SHORT_TERM,ACTIVE,2023-02-04,2053-01-27,1809.21,1732546.46,ZAR,ANNUALLY,2,SUBSTANDARD
POL0482,C0242,HEALTH,CANCELLED,2020-02-24,2030-02-21,6652.2,4501463.89,ZAR,MONTHLY,3,STANDARD
POL0483,C0076,SHORT_TERM,LAPSED,2016-09-08,2031-09-05,437.34,897235.92,ZAR,MONTHLY,2,STANDARD
POL0484,C0065,RETIREMENT,MATURED,2024-03-27,2039-03-24,15058.93,1409860.87,ZAR,QUARTERLY,4,STANDARD
POL0485,C0463,FUNERAL,ACTIVE,2018-07-27,2048-07-19,302.53,94621.88,ZAR,ANNUALLY,2,STANDARD
POL0486,C0625,FUNERAL,ACTIVE,2025-07-11,2045-07-06,237.54,59685.84,ZAR,ANNUALLY,3,STANDARD
POL0487,C0762,INVESTMENT,ACTIVE,2022-10-17,2027-10-16,15847.54,700928.36,ZAR,ANNUALLY,4,SUBSTANDARD
POL0488,C0588,INVESTMENT,ACTIVE,2019-10-16,2049-10-08,13655.67,371331.44,ZAR,ANNUALLY,5,DECLINED
POL0489,C0133,SHORT_TERM,ACTIVE,2023-08-18,2033-08-15,1878.09,1726353.52,ZAR,ANNUALLY,2,DECLINED
POL0490,C0092,LIFE,ACTIVE,2025-10-18,2050-10-12,2784.6,394755.99,ZAR,MONTHLY,4,STANDARD
POL0491,C0970,HEALTH,ACTIVE,2022-05-29,2032-05-26,5961.97,2901082.26,ZAR,QUARTERLY,3,STANDARD
POL0492,C0855,FUNERAL,ACTIVE,2026-07-16,2041-07-12,107.94,58309.25,ZAR,MONTHLY,1,PREFERRED
POL0493,C0236,HEALTH,ACTIVE,2016-10-01,2031-09-28,5297.34,3604098.12,ZAR,QUARTERLY,5,STANDARD
POL0494,C0408,SHORT_TERM,ACTIVE,2018-11-08,2028-11-05,2459.25,717322.14,ZAR,MONTHLY,5,SUBSTANDARD
POL0495,C0354,SHORT_TERM,ACTIVE,2017-02-07,2027-02-05,168.57,377374.43,ZAR,ANNUALLY,3,STANDARD
POL0496,C0502,LIFE,CANCELLED,2020-07-18,2050-07-11,2835.95,469291.54,ZAR,ANNUALLY,1,STANDARD
POL0497,C0513,RETIREMENT,PAID_UP,2016-08-05,2036-07-31,5822.31,488745.15,ZAR,ANNUALLY,3,STANDARD
POL0498,C0371,RETIREMENT,CANCELLED,2022-07-06,2042-07-01,13929.19,853239.95,ZAR,ANNUALLY,2,DECLINED
POL0499,,INVESTMENT,CANCELLED,2026-07-28,2041-07-24,13564.1,430021.69,ZAR,MONTHLY,2,STANDARD
POL0500,C0673,FUNERAL,CANCELLED,2023-03-21,2033-03-18,254.36,87059.07,ZAR,ANNUALLY,3,STANDARD
POL0501,C0853,INVESTMENT,ACTIVE,2018-12-01,2033-11-27,3800.7,161904.23,ZAR,QUARTERLY,2,SUBSTANDARD
POL0502,C0292,RETIREMENT,MATURED,2024-02-14,2034-02-11,1907.13,53641.52,ZAR,MONTHLY,5,STANDARD
POL0503,C0639,LIFE,ACTIVE,2021-10-13,2031-10-11,3209.7,1217665.58,ZAR,QUARTERLY,1,STANDARD
POL0504,C0032,LIFE,ACTIVE,2021-08-01,2051-07-25,4314.0,874326.32,ZAR,MONTHLY,3,SUBSTANDARD
POL0505,C0156,INVESTMENT,ACTIVE,2020-08-24,2050-08-17,1597.09,58139.62,ZAR,ANNUALLY,2,SUBSTANDARD
POL0506,C0945,SHORT_TERM,ACTIVE,2021-03-04,2046-02-26,1510.87,849713.04,ZAR,QUARTERLY,4,STANDARD
POL0507,C0895,INVESTMENT,ACTIVE,2025-03-01,2030-02-28,13194.02,627460.89,ZAR,MONTHLY,5,SUBSTANDARD
POL0508,C0707,SHORT_TERM,ACTIVE,2020-01-12,2030-01-09,1170.58,1919026.68,ZAR,ANNUALLY,2,STANDARD
POL0509,C0357,RETIREMENT,ACTIVE,2021-08-20,2026-08-19,19903.68,1303014.93,ZAR,QUARTERLY,1,STANDARD
POL0510,C0215,SHORT_TERM,LAPSED,2024-12-05,2029-12-04,1942.25,1854322.58,ZAR,MONTHLY,3,STANDARD
POL0511,C0694,LIFE,ACTIVE,2017-07-01,2047-06-24,4537.82,1029794.84,ZAR,QUARTERLY,3,STANDARD
POL0512,C0362,INVESTMENT,MATURED,2021-05-19,2051-05-12,683.58,20417.58,ZAR,MONTHLY,3,SUBSTANDARD
POL0513,C0455,HEALTH,LAPSED,2022-09-14,2037-09-10,3185.06,4307206.71,ZAR,MONTHLY,5,PREFERRED
POL0514,C0363,SHORT_TERM,MATURED,2025-01-28,2040-01-25,1099.43,1108159.12,ZAR,QUARTERLY,2,PREFERRED
POL0515,C0826,FUNERAL,ACTIVE,2018-10-25,2033-10-21,78.24,88651.62,ZAR,QUARTERLY,5,STANDARD
POL0516,C0919,SHORT_TERM,ACTIVE,2020-09-26,2050-09-19,171.73,1207737.72,ZAR,QUARTERLY,3,STANDARD
POL0517,C0386,LIFE,LAPSED,2018-01-15,2043-01-09,1917.35,345556.92,ZAR,ANNUALLY,3,STANDARD
POL0518,C0295,HEALTH,ACTIVE,2016-04-22,2031-04-19,1945.25,2650272.11,ZAR,QUARTERLY,4,STANDARD
POL0519,C0346,FUNERAL,ACTIVE,2026-05-06,2041-05-02,263.1,43070.03,ZAR,ANNUALLY,3,STANDARD
POL0520,C0125,FUNERAL,ACTIVE,2025-08-21,2045-08-16,265.91,87930.46,ZAR,QUARTERLY,5,STANDARD
POL0521,C0257,FUNERAL,ACTIVE,2026-06-26,2046-06-21,381.62,15796.54,ZAR,ANNUALLY,5,STANDARD
POL0522,C0827,SHORT_TERM,PAID_UP,2022-02-15,2037-02-11,590.0,315888.76,ZAR,ANNUALLY,3,STANDARD
POL0523,C0771,HEALTH,ACTIVE,2022-06-04,2047-05-29,2490.07,3237854.59,ZAR,ANNUALLY,2,STANDARD
POL0524,C0457,SHORT_TERM,ACTIVE,2024-02-12,2034-02-09,1038.66,457726.89,ZAR,QUARTERLY,2,DECLINED
POL0525,C0760,INVESTMENT,ACTIVE,2019-09-01,2049-08-24,3993.89,179455.91,ZAR,ANNUALLY,4,PREFERRED
POL0526,C0211,INVESTMENT,CANCELLED,2021-12-23,2026-12-22,8766.2,122009.53,ZAR,MONTHLY,5,STANDARD
POL0527,C0807,LIFE,ACTIVE,2016-07-25,2046-07-18,2018.66,1006178.68,ZAR,QUARTERLY,2,SUBSTANDARD
POL0528,C0300,INVESTMENT,PAID_UP,2023-02-01,2028-01-31,9927.39,258504.31,ZAR,QUARTERLY,3,STANDARD
POL0529,C0579,FUNERAL,LAPSED,2021-06-07,2046-06-01,337.09,46867.86,ZAR,MONTHLY,2,STANDARD
POL0530,C0383,SHORT_TERM,MATURED,2020-10-18,2035-10-15,1554.03,1377481.19,ZAR,QUARTERLY,5,STANDARD
POL0531,C0849,RETIREMENT,PAID_UP,2023-08-06,2028-08-04,7267.38,296976.47,ZAR,MONTHLY,1,PREFERRED
POL0532,C0977,INVESTMENT,CANCELLED,2020-08-11,2035-08-08,7732.0,85958.2,ZAR,ANNUALLY,4,STANDARD
POL0533,C0252,INVESTMENT,ACTIVE,2026-04-15,2046-04-10,15738.74,667150.59,ZAR,ANNUALLY,3,DECLINED
POL0534,C0869,HEALTH,ACTIVE,2015-08-28,2030-08-24,,2581296.06,ZAR,QUARTERLY,1,SUBSTANDARD
POL0535,C0175,RETIREMENT,ACTIVE,2022-12-27,2047-12-21,3055.72,148269.28,ZAR,ANNUALLY,5,PREFERRED
POL0536,C0559,FUNERAL,ACTIVE,2024-11-23,2034-11-21,486.08,33446.59,ZAR,QUARTERLY,2,PREFERRED
POL0537,C0824,FUNERAL,ACTIVE,2021-08-02,2051-07-26,408.1,95107.44,ZAR,QUARTERLY,2,STANDARD
POL0538,C0394,RETIREMENT,MATURED,2021-08-30,2031-08-28,26947.02,2273087.92,ZAR,QUARTERLY,3,SUBSTANDARD
POL0539,C0927,LIFE,ACTIVE,2022-10-11,2037-10-07,1065.72,409867.02,ZAR,ANNUALLY,2,PREFERRED
POL0540,C0036,LIFE,ACTIVE,2021-03-05,2036-03-01,-745.91,193478.09,ZAR,ANNUALLY,3,STANDARD
POL0541,,RETIREMENT,ACTIVE,2017-01-03,2046-12-27,13452.75,622897.17,ZAR,ANNUALLY,5,PREFERRED
POL0542,C0674,INVESTMENT,CANCELLED,2016-10-05,2046-09-28,18363.66,623508.0,ZAR,ANNUALLY,1,STANDARD
POL0543,C0604,FUNERAL,PAID_UP,2021-07-19,2031-07-17,391.65,84100.11,ZAR,MONTHLY,2,STANDARD
POL0544,C0599,RETIREMENT,ACTIVE,2025-05-08,2030-05-07,3340.38,268157.55,ZAR,ANNUALLY,3,SUBSTANDARD
POL0545,C0513,INVESTMENT,ACTIVE,2022-10-09,2047-10-03,3059.96,34282.98,ZAR,ANNUALLY,4,STANDARD
POL0546,C0658,INVESTMENT,ACTIVE,2021-04-11,2041-04-06,8004.69,148255.94,ZAR,MONTHLY,5,PREFERRED
POL0547,C0122,RETIREMENT,ACTIVE,2021-07-07,2051-06-30,25065.86,1379985.6,ZAR,QUARTERLY,4,PREFERRED
POL0548,C0434,INVESTMENT,CANCELLED,2020-02-20,2035-02-16,13918.4,678486.73,ZAR,MONTHLY,5,SUBSTANDARD
POL0549,C0852,RETIREMENT,ACTIVE,2018-09-02,2033-08-29,4342.77,391425.18,ZAR,ANNUALLY,2,DECLINED
POL0550,C0697,FUNERAL,MATURED,2017-04-02,2042-03-27,349.78,30928.53,ZAR,MONTHLY,2,SUBSTANDARD
POL0551,C0350,LIFE,MATURED,2015-11-08,2025-11-05,881.48,225970.48,ZAR,ANNUALLY,1,SUBSTANDARD
POL0552,C0975,FUNERAL,ACTIVE,2025-09-08,2045-09-03,336.92,20704.29,ZAR,QUARTERLY,3,PREFERRED
POL0553,C0615,SHORT_TERM,ACTIVE,2024-03-08,2049-03-02,349.37,1707557.4,ZAR,QUARTERLY,3,PREFERRED
POL0554,C0292,SHORT_TERM,ACTIVE,2024-04-10,2034-04-08,560.77,1365847.52,ZAR,ANNUALLY,3,STANDARD
POL0555,C0276,HEALTH,LAPSED,2015-09-09,2020-09-07,6380.53,1985283.86,ZAR,MONTHLY,1,STANDARD
POL0556,C0316,LIFE,ACTIVE,2015-03-16,2025-03-13,2217.81,622553.21,ZAR,MONTHLY,4,PREFERRED
POL0557,C0123,RETIREMENT,LAPSED,2016-05-14,2031-05-11,17116.85,1633711.15,ZAR,ANNUALLY,5,STANDARD
POL0558,C0396,SHORT_TERM,ACTIVE,2016-03-04,2036-02-28,1662.1,1965958.77,ZAR,ANNUALLY,5,STANDARD
POL0559,C0308,RETIREMENT,ACTIVE,2021-10-06,2026-10-05,13985.01,1124717.64,ZAR,ANNUALLY,3,SUBSTANDARD
POL0560,C0621,HEALTH,ACTIVE,2022-02-15,2032-02-13,5993.73,228456.67,ZAR,QUARTERLY,4,SUBSTANDARD
POL0561,C0318,HEALTH,CANCELLED,2026-03-27,2056-03-19,3388.48,2010249.98,ZAR,ANNUALLY,4,STANDARD
POL0562,C0544,HEALTH,ACTIVE,2015-01-18,2045-01-10,2776.05,4334428.84,ZAR,QUARTERLY,2,DECLINED
POL0563,C0364,HEALTH,ACTIVE,2022-01-26,2042-01-21,1622.88,2667023.98,ZAR,QUARTERLY,2,STANDARD
POL0564,C0462,INVESTMENT,PAID_UP,2018-01-14,2023-01-13,8746.4,130956.07,ZAR,ANNUALLY,5,SUBSTANDARD
POL0565,,HEALTH,ACTIVE,2023-05-27,2033-05-24,6685.54,3328745.72,ZAR,ANNUALLY,2,PREFERRED
POL0566,C0239,LIFE,ACTIVE,2016-11-19,2041-11-13,213.52,106284.64,ZAR,MONTHLY,1,STANDARD
POL0567,C0899,FUNERAL,LAPSED,2020-07-01,2040-06-26,182.7,49302.62,ZAR,QUARTERLY,2,STANDARD
POL0568,C0627,SHORT_TERM,ACTIVE,2024-07-05,2049-06-29,2707.0,897123.26,ZAR,MONTHLY,4,STANDARD
POL0569,C0127,INVESTMENT,MATURED,2016-07-26,2046-07-19,9850.09,487393.27,ZAR,QUARTERLY,3,STANDARD
POL0570,,FUNERAL,MATURED,2020-07-26,2030-07-24,341.29,51135.64,ZAR,ANNUALLY,3,STANDARD
POL0571,C0447,RETIREMENT,ACTIVE,2018-11-19,2048-11-11,6511.91,644974.31,ZAR,QUARTERLY,1,STANDARD
POL0572,C0095,HEALTH,ACTIVE,2022-05-15,2042-05-10,3416.56,1947622.7,ZAR,MONTHLY,2,STANDARD
POL0573,C0475,RETIREMENT,LAPSED,2021-11-08,2036-11-04,7429.71,272878.15,ZAR,QUARTERLY,1,STANDARD
POL0574,C0468,SHORT_TERM,ACTIVE,2018-05-06,2048-04-28,-2437.54,1393138.8,ZAR,QUARTERLY,4,STANDARD
POL0575,C0610,HEALTH,ACTIVE,2021-10-02,2026-10-01,2155.86,996146.11,ZAR,MONTHLY,3,PREFERRED
POL0576,C0668,RETIREMENT,ACTIVE,2026-01-24,2056-01-17,28975.33,1421211.22,ZAR,MONTHLY,1,STANDARD
POL0577,C0466,SHORT_TERM,ACTIVE,2020-10-07,2040-10-02,2486.72,1617795.99,ZAR,MONTHLY,2,STANDARD
POL0578,C0798,INVESTMENT,ACTIVE,2022-07-06,2037-07-02,4585.5,71298.01,ZAR,QUARTERLY,5,STANDARD
POL0579,C0009,FUNERAL,MATURED,2016-04-12,2036-04-07,420.14,87788.05,ZAR,MONTHLY,1,STANDARD
POL0580,C0507,HEALTH,ACTIVE,2019-07-09,2044-07-02,7229.16,1979820.39,ZAR,QUARTERLY,5,DECLINED
POL0581,C0497,INVESTMENT,ACTIVE,2016-06-01,2031-05-29,5268.18,200935.81,ZAR,QUARTERLY,5,STANDARD
POL0582,C0481,LIFE,LAPSED,2017-12-24,2027-12-22,3719.08,818541.59,ZAR,MONTHLY,2,DECLINED
POL0583,C0889,RETIREMENT,PAID_UP,2026-04-22,2056-04-14,15183.91,768190.29,ZAR,MONTHLY,1,PREFERRED
POL0584,C0221,SHORT_TERM,ACTIVE,2019-09-30,2049-09-22,868.88,195961.23,ZAR,QUARTERLY,5,STANDARD
POL0585,C0173,INVESTMENT,ACTIVE,2015-06-03,2035-05-29,2125.05,91301.1,ZAR,ANNUALLY,4,STANDARD
POL0586,C0259,HEALTH,ACTIVE,2023-12-28,2043-12-23,6265.53,2863494.47,ZAR,ANNUALLY,5,PREFERRED
POL0587,C0831,SHORT_TERM,MATURED,2021-03-08,2036-03-04,589.9,1292412.26,ZAR,ANNUALLY,4,STANDARD
POL0588,C0952,HEALTH,ACTIVE,2020-12-07,2040-12-02,3617.19,2103461.58,ZAR,ANNUALLY,5,STANDARD
POL0589,C0207,HEALTH,PAID_UP,2019-10-16,2024-10-14,6331.74,298277.63,ZAR,QUARTERLY,3,STANDARD
POL0590,C0898,RETIREMENT,LAPSED,2022-11-20,2047-11-14,-12510.9,714581.86,ZAR,MONTHLY,4,SUBSTANDARD
POL0591,C0563,HEALTH,ACTIVE,2025-09-02,2050-08-27,7019.95,1467838.74,ZAR,QUARTERLY,2,STANDARD
POL0592,C0139,LIFE,ACTIVE,2023-09-09,2053-09-01,1495.12,569055.49,ZAR,QUARTERLY,5,STANDARD
POL0593,C0102,HEALTH,ACTIVE,2015-11-12,2040-11-05,4776.87,2365649.71,ZAR,QUARTERLY,1,PREFERRED
POL0594,C0974,FUNERAL,LAPSED,2019-06-27,2024-06-25,390.97,61964.37,ZAR,ANNUALLY,1,STANDARD
POL0595,C0875,HEALTH,ACTIVE,2021-01-07,2031-01-05,5404.17,2040671.28,ZAR,ANNUALLY,3,PREFERRED
POL0596,C0861,SHORT_TERM,LAPSED,2024-03-26,2054-03-19,2747.81,265691.94,ZAR,MONTHLY,5,STANDARD
POL0597,C0650,RETIREMENT,ACTIVE,2016-12-17,2046-12-10,7393.43,705478.33,ZAR,ANNUALLY,1,SUBSTANDARD
POL0598,C0717,RETIREMENT,ACTIVE,2022-05-24,2052-05-16,14448.7,927750.22,ZAR,QUARTERLY,3,STANDARD
POL0599,C0484,FUNERAL,ACTIVE,2016-02-19,2046-02-11,305.65,53694.15,ZAR,MONTHLY,1,STANDARD
POL0600,C0904,RETIREMENT,ACTIVE,2022-02-08,2047-02-02,7456.32,694983.49,ZAR,ANNUALLY,1,SUBSTANDARD
POL0601,C0213,SHORT_TERM,PAID_UP,2019-08-08,2034-08-04,2589.0,316441.26,ZAR,QUARTERLY,5,STANDARD
POL0602,C0663,FUNERAL,CANCELLED,2024-03-18,2034-03-16,244.08,20748.32,ZAR,QUARTERLY,1,STANDARD
POL0603,C0116,FUNERAL,ACTIVE,2018-06-28,2033-06-24,336.52,57201.13,ZAR,MONTHLY,4,SUBSTANDARD
POL0604,C0056,INVESTMENT,ACTIVE,2024-10-18,2034-10-16,5251.04,168329.96,ZAR,ANNUALLY,4,STANDARD
POL0605,C0164,INVESTMENT,MATURED,2020-03-03,2025-03-02,7424.27,219603.81,ZAR,MONTHLY,3,STANDARD
POL0606,C0747,LIFE,LAPSED,2015-11-23,2040-11-16,4620.68,2236332.71,ZAR,QUARTERLY,4,STANDARD
POL0607,C0804,INVESTMENT,CANCELLED,2023-05-28,2043-05-23,6861.41,246201.52,ZAR,MONTHLY,2,SUBSTANDARD
POL0608,C0835,RETIREMENT,LAPSED,2022-04-11,2032-04-08,6881.8,207044.26,ZAR,MONTHLY,5,STANDARD
POL0609,C0897,RETIREMENT,PAID_UP,2019-06-07,2029-06-04,16520.26,359524.31,ZAR,QUARTERLY,2,DECLINED
POL0610,C0305,INVESTMENT,ACTIVE,2019-10-05,2029-10-02,16780.7,524586.89,ZAR,QUARTERLY,3,SUBSTANDARD
POL0611,C0660,INVESTMENT,MATURED,2022-11-13,2037-11-09,9040.52,205893.37,ZAR,ANNUALLY,5,SUBSTANDARD
POL0612,C0992,SHORT_TERM,ACTIVE,2020-01-08,2045-01-01,262.98,402337.88,ZAR,ANNUALLY,3,STANDARD
POL0613,C0574,LIFE,MATURED,2024-08-01,2034-07-30,1407.46,260283.84,ZAR,ANNUALLY,2,SUBSTANDARD
POL0614,C0615,FUNERAL,LAPSED,2017-12-17,2032-12-13,204.07,93863.0,ZAR,QUARTERLY,3,STANDARD
POL0615,C0287,RETIREMENT,ACTIVE,2026-06-12,2046-06-07,16196.97,1470540.6,ZAR,QUARTERLY,5,SUBSTANDARD
POL0616,C0693,HEALTH,MATURED,2016-03-04,2021-03-03,2481.54,4780189.32,ZAR,ANNUALLY,2,SUBSTANDARD
POL0617,C0191,FUNERAL,ACTIVE,2022-08-28,2047-08-22,380.04,73324.47,ZAR,ANNUALLY,3,SUBSTANDARD
POL0618,C0019,INVESTMENT,ACTIVE,2021-04-21,2036-04-17,-8090.68,259889.54,ZAR,QUARTERLY,4,STANDARD
POL0619,C0715,LIFE,ACTIVE,2015-03-29,2025-03-26,1065.19,399334.47,ZAR,MONTHLY,3,PREFERRED
POL0620,C0904,FUNERAL,LAPSED,2017-02-13,2032-02-10,437.6,30835.9,ZAR,QUARTERLY,5,SUBSTANDARD
POL0621,C0875,INVESTMENT,LAPSED,2018-04-18,2033-04-14,8101.06,160274.8,ZAR,ANNUALLY,4,STANDARD
POL0622,C0963,FUNERAL,LAPSED,2026-06-23,2051-06-17,163.15,96922.99,ZAR,MONTHLY,3,STANDARD
POL0623,C0014,SHORT_TERM,ACTIVE,2017-04-13,2042-04-07,585.23,1707041.71,ZAR,MONTHLY,5,STANDARD
POL0624,C0536,LIFE,PAID_UP,2016-10-18,2026-10-16,-2292.87,367966.7,ZAR,MONTHLY,4,PREFERRED
POL0625,C0952,RETIREMENT,ACTIVE,2016-06-01,2026-05-30,21470.63,475553.2,ZAR,QUARTERLY,5,STANDARD
POL0626,C0089,HEALTH,MATURED,2022-03-03,2037-02-27,5248.16,3064731.65,ZAR,ANNUALLY,5,STANDARD
POL0627,C0340,INVESTMENT,ACTIVE,2015-06-29,2040-06-22,15928.42,488247.69,ZAR,ANNUALLY,2,STANDARD
POL0628,C0989,HEALTH,ACTIVE,2020-04-24,2050-04-17,1754.32,974236.46,ZAR,QUARTERLY,5,STANDARD
POL0629,C0420,RETIREMENT,MATURED,2016-06-21,2031-06-18,19318.66,1809031.59,ZAR,QUARTERLY,3,SUBSTANDARD
POL0630,C0258,LIFE,ACTIVE,2015-01-08,2020-01-07,1847.49,219003.95,ZAR,MONTHLY,4,SUBSTANDARD
POL0631,C0509,FUNERAL,PAID_UP,2019-10-05,2034-10-01,260.6,95474.33,ZAR,ANNUALLY,2,SUBSTANDARD
POL0632,C0796,RETIREMENT,ACTIVE,2026-04-12,2036-04-09,18823.76,1571483.74,ZAR,QUARTERLY,3,STANDARD
POL0633,C0090,FUNERAL,ACTIVE,2026-03-21,2041-03-17,146.63,15713.97,ZAR,MONTHLY,3,SUBSTANDARD
POL0634,C0441,SHORT_TERM,LAPSED,2016-04-15,2036-04-10,1976.21,1569691.06,ZAR,ANNUALLY,2,PREFERRED
POL0635,C0068,INVESTMENT,ACTIVE,2020-12-08,2025-12-07,,310155.7,ZAR,ANNUALLY,3,STANDARD
POL0636,C0511,FUNERAL,LAPSED,2019-04-12,2044-04-05,126.06,38820.33,ZAR,MONTHLY,2,STANDARD
POL0637,C0985,LIFE,PAID_UP,2018-02-11,2043-02-05,2813.77,418108.92,ZAR,QUARTERLY,1,SUBSTANDARD
POL0638,C0387,SHORT_TERM,LAPSED,2017-04-26,2042-04-20,2572.0,1409207.5,ZAR,MONTHLY,4,STANDARD
POL0639,C0784,LIFE,MATURED,2020-05-25,2045-05-19,1550.66,602873.28,ZAR,MONTHLY,4,DECLINED
POL0640,C0239,SHORT_TERM,MATURED,2023-09-04,2028-09-02,2550.88,1219450.51,ZAR,MONTHLY,1,SUBSTANDARD
POL0641,C0533,INVESTMENT,ACTIVE,2021-10-12,2036-10-08,10516.6,519091.96,ZAR,ANNUALLY,2,SUBSTANDARD
POL0642,C0240,RETIREMENT,ACTIVE,2019-11-17,2049-11-09,16339.75,401019.51,ZAR,QUARTERLY,3,SUBSTANDARD
POL0643,C0934,FUNERAL,MATURED,2025-07-02,2030-07-01,174.16,95318.32,ZAR,QUARTERLY,4,STANDARD
POL0644,C0282,RETIREMENT,ACTIVE,2017-06-13,2022-06-12,1972.57,69178.57,ZAR,QUARTERLY,5,STANDARD
POL0645,C0881,FUNERAL,ACTIVE,2019-03-22,2039-03-17,135.23,58851.24,ZAR,MONTHLY,3,STANDARD
POL0646,C0652,RETIREMENT,PAID_UP,2022-12-22,2047-12-16,12350.98,956630.84,ZAR,QUARTERLY,2,STANDARD
POL0647,C0814,LIFE,PAID_UP,2017-09-17,2032-09-13,2997.86,1260261.71,ZAR,MONTHLY,4,STANDARD
POL0648,C0636,INVESTMENT,LAPSED,2023-10-29,2048-10-22,10500.99,392194.57,ZAR,MONTHLY,4,STANDARD
POL0649,C0972,HEALTH,ACTIVE,2019-05-13,2029-05-10,6723.16,1627469.74,ZAR,MONTHLY,3,STANDARD
POL0650,C0167,FUNERAL,LAPSED,2022-10-02,2032-09-29,139.18,84588.5,ZAR,ANNUALLY,1,STANDARD
POL0651,C0983,LIFE,ACTIVE,2022-02-02,2042-01-28,1908.08,470826.79,ZAR,QUARTERLY,4,SUBSTANDARD
POL0652,C0078,RETIREMENT,ACTIVE,2025-01-02,2039-12-30,8407.0,556312.83,ZAR,QUARTERLY,5,STANDARD
POL0653,C0414,SHORT_TERM,CANCELLED,2017-01-29,2027-01-27,2416.22,1394857.33,ZAR,QUARTERLY,4,PREFERRED
POL0654,C0860,FUNERAL,MATURED,2023-04-21,2053-04-13,164.42,27850.23,ZAR,QUARTERLY,4,STANDARD
POL0655,C0203,RETIREMENT,ACTIVE,2015-09-01,2030-08-28,25123.75,1330369.88,ZAR,MONTHLY,2,STANDARD
POL0656,C0697,FUNERAL,ACTIVE,2016-05-10,2026-05-08,243.98,75126.29,ZAR,ANNUALLY,2,SUBSTANDARD
POL0657,C0676,INVESTMENT,ACTIVE,2016-04-03,2041-03-28,15424.75,590102.77,ZAR,MONTHLY,5,SUBSTANDARD
POL0658,C0999,SHORT_TERM,ACTIVE,2015-08-09,2020-08-07,807.22,629942.78,ZAR,ANNUALLY,3,STANDARD
POL0659,C0713,INVESTMENT,CANCELLED,2026-07-05,2041-07-01,4769.83,53026.0,ZAR,MONTHLY,1,STANDARD
POL0660,C0957,FUNERAL,MATURED,2026-03-26,2046-03-21,154.52,68537.27,ZAR,MONTHLY,2,PREFERRED
POL0661,C0670,SHORT_TERM,ACTIVE,2025-08-03,2055-07-27,2977.8,1330864.44,ZAR,ANNUALLY,3,STANDARD
POL0662,C0218,FUNERAL,MATURED,2015-09-22,2020-09-20,-285.96,37652.94,ZAR,ANNUALLY,3,STANDARD
POL0663,C0890,FUNERAL,ACTIVE,2022-09-25,2037-09-21,52.04,80080.59,ZAR,QUARTERLY,3,STANDARD
POL0664,C0901,FUNERAL,MATURED,2023-07-31,2028-07-29,488.21,85038.31,ZAR,ANNUALLY,3,SUBSTANDARD
POL0665,C0669,RETIREMENT,ACTIVE,2022-05-04,2032-05-01,4264.97,396809.21,ZAR,MONTHLY,4,STANDARD
POL0666,C0551,INVESTMENT,ACTIVE,2015-09-26,2030-09-22,5826.71,142293.25,ZAR,ANNUALLY,3,STANDARD
POL0667,C0296,HEALTH,CANCELLED,2025-04-29,2050-04-23,3354.67,247004.41,ZAR,ANNUALLY,1,SUBSTANDARD
POL0668,C0576,FUNERAL,LAPSED,2015-07-15,2045-07-07,444.04,55183.33,ZAR,QUARTERLY,3,STANDARD
POL0669,C0103,HEALTH,ACTIVE,2025-07-14,2030-07-13,7902.13,994599.65,ZAR,ANNUALLY,5,STANDARD
POL0670,C0192,INVESTMENT,ACTIVE,2018-08-24,2023-08-23,14687.27,568097.61,ZAR,MONTHLY,5,STANDARD
POL0671,C0756,INVESTMENT,ACTIVE,2025-05-05,2040-05-01,10127.91,228037.87,ZAR,ANNUALLY,4,SUBSTANDARD
POL0672,C0159,LIFE,LAPSED,2015-02-06,2030-02-02,2683.42,992525.65,ZAR,MONTHLY,5,STANDARD
POL0673,C0148,INVESTMENT,ACTIVE,2023-05-08,2033-05-05,19089.38,890169.15,ZAR,MONTHLY,2,STANDARD
POL0674,C0527,LIFE,ACTIVE,2018-12-16,2048-12-08,1538.98,164590.42,ZAR,MONTHLY,3,PREFERRED
POL0675,C0679,RETIREMENT,MATURED,2017-03-29,2042-03-23,24490.51,1669243.33,ZAR,QUARTERLY,4,STANDARD
POL0676,C0995,LIFE,LAPSED,2022-06-16,2027-06-15,2101.22,246779.69,ZAR,MONTHLY,4,STANDARD
POL0677,C0506,LIFE,LAPSED,2018-09-28,2048-09-20,1855.37,750376.82,ZAR,MONTHLY,3,SUBSTANDARD
POL0678,C0831,LIFE,ACTIVE,2015-02-21,2025-02-18,323.18,117015.08,ZAR,ANNUALLY,3,SUBSTANDARD
POL0679,C0933,FUNERAL,ACTIVE,2026-02-23,2046-02-18,172.73,63280.74,ZAR,MONTHLY,1,SUBSTANDARD
POL0680,C0778,LIFE,MATURED,2025-11-06,2050-10-31,4139.23,1843024.68,ZAR,MONTHLY,2,SUBSTANDARD
POL0681,C0695,HEALTH,ACTIVE,2024-09-29,2034-09-27,6710.45,2285035.73,ZAR,ANNUALLY,1,DECLINED
POL0682,C0761,SHORT_TERM,ACTIVE,2024-03-13,2054-03-06,2423.62,1924709.17,ZAR,ANNUALLY,2,PREFERRED
POL0683,C0899,SHORT_TERM,ACTIVE,2024-10-17,2044-10-12,1077.89,680410.15,ZAR,MONTHLY,5,SUBSTANDARD
POL0684,C0797,RETIREMENT,CANCELLED,2015-03-27,2020-03-25,24252.81,1894872.89,ZAR,QUARTERLY,4,STANDARD
POL0685,C0807,FUNERAL,ACTIVE,2025-10-03,2040-09-29,483.73,70290.1,ZAR,ANNUALLY,3,STANDARD
POL0686,C0028,INVESTMENT,LAPSED,2023-05-08,2053-04-30,13658.59,649246.84,ZAR,MONTHLY,3,STANDARD
POL0687,C0099,INVESTMENT,ACTIVE,2016-01-25,2041-01-18,10985.72,491601.82,ZAR,ANNUALLY,5,STANDARD
POL0688,C0672,HEALTH,ACTIVE,2017-03-14,2027-03-12,2111.9,1266577.49,ZAR,ANNUALLY,2,STANDARD
POL0689,C0193,LIFE,ACTIVE,2017-03-09,2047-03-02,4982.75,2145534.48,ZAR,QUARTERLY,2,STANDARD
POL0690,C0818,INVESTMENT,ACTIVE,2016-05-01,2026-04-29,8662.51,345934.54,ZAR,MONTHLY,3,STANDARD
POL0691,C0690,RETIREMENT,ACTIVE,2015-11-28,2030-11-24,2891.59,287911.31,ZAR,ANNUALLY,3,SUBSTANDARD
POL0692,C0322,SHORT_TERM,MATURED,2023-09-29,2028-09-27,1826.08,578148.77,ZAR,QUARTERLY,3,STANDARD
POL0693,C0648,FUNERAL,ACTIVE,2015-05-11,2035-05-06,391.72,50614.41,ZAR,QUARTERLY,4,PREFERRED
POL0694,C0417,HEALTH,ACTIVE,2020-09-18,2025-09-17,6175.92,3667100.13,ZAR,MONTHLY,5,PREFERRED
POL0695,C0998,SHORT_TERM,LAPSED,2016-01-24,2041-01-17,456.9,1106570.13,ZAR,ANNUALLY,3,STANDARD
POL0696,C0112,INVESTMENT,MATURED,2023-10-16,2053-10-08,8935.07,229504.69,ZAR,ANNUALLY,4,SUBSTANDARD
POL0697,C0384,FUNERAL,CANCELLED,2026-03-17,2041-03-13,420.01,34005.54,ZAR,QUARTERLY,4,STANDARD
POL0698,C0368,RETIREMENT,ACTIVE,2020-10-26,2040-10-21,8644.23,340889.83,ZAR,QUARTERLY,1,SUBSTANDARD
POL0699,C0139,LIFE,ACTIVE,2017-08-13,2032-08-09,4286.6,1151142.55,ZAR,ANNUALLY,4,STANDARD
POL0700,C0488,LIFE,CANCELLED,2021-11-27,2041-11-22,4835.86,484582.77,ZAR,ANNUALLY,2,STANDARD
POL0701,C0563,SHORT_TERM,PAID_UP,2022-03-29,2037-03-25,225.33,1278786.36,ZAR,MONTHLY,5,STANDARD
POL0702,C0641,RETIREMENT,ACTIVE,2025-02-08,2045-02-03,3447.25,269847.24,ZAR,MONTHLY,2,PREFERRED
POL0703,C0110,HEALTH,ACTIVE,2025-11-20,2050-11-14,2243.87,867319.72,ZAR,QUARTERLY,5,STANDARD
POL0704,C0413,RETIREMENT,ACTIVE,2019-12-21,2029-12-18,2757.17,194093.45,ZAR,ANNUALLY,1,STANDARD
POL0705,C0259,HEALTH,MATURED,2024-03-09,2054-03-02,2795.65,4656863.15,ZAR,QUARTERLY,1,STANDARD
POL0706,,INVESTMENT,ACTIVE,2016-10-12,2026-10-10,8041.81,81777.33,ZAR,ANNUALLY,1,SUBSTANDARD
POL0707,C0279,RETIREMENT,ACTIVE,2018-08-24,2023-08-23,29085.4,605713.73,ZAR,ANNUALLY,4,STANDARD
POL0708,C0329,LIFE,ACTIVE,2026-01-25,2046-01-20,4729.78,1692037.81,ZAR,ANNUALLY,2,STANDARD
POL0709,C0121,HEALTH,LAPSED,2016-03-29,2046-03-22,6927.11,3082033.41,ZAR,ANNUALLY,2,SUBSTANDARD
POL0710,C0510,INVESTMENT,ACTIVE,2016-11-10,2046-11-03,3586.31,94683.41,ZAR,MONTHLY,5,STANDARD
POL0711,C0073,HEALTH,MATURED,2025-05-10,2045-05-05,4213.52,3251659.35,ZAR,MONTHLY,3,STANDARD
POL0712,C0067,HEALTH,ACTIVE,2019-06-14,2049-06-06,2353.89,3900745.9,ZAR,ANNUALLY,1,STANDARD
POL0713,C0618,HEALTH,ACTIVE,2019-08-12,2044-08-05,1888.01,2459027.85,ZAR,MONTHLY,5,DECLINED
POL0714,C0520,LIFE,CANCELLED,2026-02-24,2046-02-19,3931.03,1675516.86,ZAR,QUARTERLY,4,STANDARD
POL0715,C0127,INVESTMENT,CANCELLED,2018-10-03,2028-09-30,-8896.18,395786.5,ZAR,ANNUALLY,2,PREFERRED
POL0716,C0950,RETIREMENT,ACTIVE,2020-03-07,2050-02-28,6516.57,562665.32,ZAR,ANNUALLY,1,STANDARD
POL0717,C0398,INVESTMENT,ACTIVE,2021-04-14,2026-04-13,14087.45,210863.4,ZAR,MONTHLY,2,STANDARD
POL0718,C0548,SHORT_TERM,ACTIVE,2021-08-19,2036-08-15,1088.62,1650940.85,ZAR,MONTHLY,4,STANDARD
POL0719,C0028,FUNERAL,LAPSED,2026-05-16,2031-05-15,344.44,47523.94,ZAR,QUARTERLY,5,SUBSTANDARD
POL0720,C0378,LIFE,ACTIVE,2020-10-18,2025-10-17,4900.53,1603304.82,ZAR,QUARTERLY,2,SUBSTANDARD
POL0721,C0091,FUNERAL,CANCELLED,2015-05-30,2025-05-27,487.28,57473.07,ZAR,ANNUALLY,4,STANDARD
POL0722,C0255,LIFE,ACTIVE,2025-09-15,2045-09-10,3060.27,433363.45,ZAR,QUARTERLY,5,STANDARD
POL0723,C0302,HEALTH,ACTIVE,2022-02-26,2042-02-21,7998.35,2535790.85,ZAR,ANNUALLY,2,STANDARD
POL0724,,RETIREMENT,LAPSED,2025-06-14,2045-06-09,15389.26,515431.8,ZAR,ANNUALLY,4,STANDARD
POL0725,C0818,LIFE,MATURED,2026-05-07,2056-04-29,4064.1,1369892.03,ZAR,QUARTERLY,2,STANDARD
POL0726,C0676,FUNERAL,MATURED,2018-07-31,2048-07-23,140.35,85578.09,ZAR,ANNUALLY,1,STANDARD
POL0727,C0788,LIFE,ACTIVE,2025-03-03,2040-02-28,2783.62,1317852.99,ZAR,ANNUALLY,5,STANDARD
POL0728,C0226,INVESTMENT,ACTIVE,2022-11-12,2037-11-08,,439792.52,ZAR,MONTHLY,4,STANDARD
POL0729,C0571,SHORT_TERM,MATURED,2023-08-03,2048-07-27,1119.53,101937.99,ZAR,MONTHLY,3,STANDARD
POL0730,C0946,INVESTMENT,ACTIVE,2024-10-13,2029-10-12,3262.78,148257.59,ZAR,MONTHLY,1,PREFERRED
POL0731,C0042,RETIREMENT,ACTIVE,2023-12-24,2043-12-19,29881.99,1084760.13,ZAR,ANNUALLY,5,STANDARD
POL0732,C0406,FUNERAL,ACTIVE,2021-01-02,2045-12-27,127.37,47104.31,ZAR,MONTHLY,2,STANDARD
POL0733,C0052,FUNERAL,LAPSED,2023-01-29,2028-01-28,172.41,99340.01,ZAR,ANNUALLY,1,STANDARD
POL0734,C0313,RETIREMENT,CANCELLED,2017-04-14,2047-04-07,12327.39,1229307.11,ZAR,MONTHLY,4,STANDARD
POL0735,C0232,HEALTH,ACTIVE,2020-06-19,2030-06-17,5329.29,2477432.26,ZAR,MONTHLY,2,STANDARD
POL0736,C0093,LIFE,ACTIVE,2021-08-28,2026-08-27,4179.88,803060.78,ZAR,QUARTERLY,3,SUBSTANDARD
POL0737,C0209,RETIREMENT,LAPSED,2026-01-20,2051-01-14,6158.37,310077.62,ZAR,MONTHLY,2,SUBSTANDARD
POL0738,C0874,INVESTMENT,ACTIVE,2019-08-10,2034-08-06,12925.87,292224.27,ZAR,ANNUALLY,3,STANDARD
POL0739,,RETIREMENT,PAID_UP,2024-08-10,2054-08-03,23671.26,1926775.39,ZAR,ANNUALLY,3,PREFERRED
POL0740,C0814,SHORT_TERM,ACTIVE,2025-07-15,2030-07-14,778.14,125067.37,ZAR,ANNUALLY,4,STANDARD
POL0741,C0191,HEALTH,ACTIVE,2021-11-27,2051-11-20,1127.68,2613940.36,ZAR,MONTHLY,3,PREFERRED
POL0742,C0748,HEALTH,MATURED,2017-12-20,2037-12-15,1116.69,4889821.58,ZAR,ANNUALLY,3,STANDARD
POL0743,C0439,SHORT_TERM,ACTIVE,2024-06-10,2029-06-09,261.47,1468712.13,ZAR,MONTHLY,2,SUBSTANDARD
POL0744,C0714,HEALTH,ACTIVE,2019-07-07,2049-06-29,2060.01,2093323.49,ZAR,MONTHLY,2,STANDARD
POL0745,C0463,RETIREMENT,CANCELLED,2016-11-16,2046-11-09,7817.9,720101.31,ZAR,QUARTERLY,2,PREFERRED
POL0746,C0905,FUNERAL,ACTIVE,2016-03-05,2046-02-26,436.57,99046.12,ZAR,MONTHLY,5,STANDARD
POL0747,C0135,INVESTMENT,LAPSED,2016-05-07,2041-05-01,5732.67,96577.25,ZAR,ANNUALLY,2,STANDARD
POL0748,C0866,RETIREMENT,ACTIVE,2023-08-08,2028-08-06,20810.23,1351472.84,ZAR,ANNUALLY,4,DECLINED
POL0749,C0982,HEALTH,ACTIVE,2021-10-20,2051-10-13,4197.83,2583167.09,ZAR,MONTHLY,3,STANDARD
POL0750,C0370,RETIREMENT,LAPSED,2024-12-13,2044-12-08,11256.01,659525.85,ZAR,MONTHLY,3,STANDARD
POL0751,C0801,FUNERAL,LAPSED,2018-11-19,2023-11-18,469.16,15928.64,ZAR,ANNUALLY,2,STANDARD
POL0752,C0705,HEALTH,LAPSED,2024-08-11,2054-08-04,-4105.63,772117.82,ZAR,ANNUALLY,2,PREFERRED
POL0753,C0967,LIFE,ACTIVE,2019-01-03,2033-12-30,3568.05,1047359.8,ZAR,MONTHLY,1,PREFERRED
POL0754,C0587,INVESTMENT,MATURED,2019-04-22,2029-04-19,10068.58,420669.15,ZAR,MONTHLY,3,SUBSTANDARD
POL0755,C0917,INVESTMENT,LAPSED,2019-07-20,2024-07-18,11410.42,525139.12,ZAR,QUARTERLY,4,STANDARD
POL0756,C0889,HEALTH,CANCELLED,2017-04-07,2022-04-06,5005.22,2284962.44,ZAR,ANNUALLY,2,SUBSTANDARD
POL0757,C0283,HEALTH,ACTIVE,2017-07-16,2032-07-12,7956.68,1292652.82,ZAR,QUARTERLY,1,STANDARD
POL0758,C0056,HEALTH,CANCELLED,2024-12-17,2044-12-12,929.49,3858306.92,ZAR,MONTHLY,1,STANDARD
POL0759,C0763,FUNERAL,CANCELLED,2024-01-27,2049-01-20,-440.46,79715.85,ZAR,MONTHLY,2,STANDARD
POL0760,C0354,INVESTMENT,ACTIVE,2018-09-19,2043-09-13,19772.83,362891.96,ZAR,QUARTERLY,1,STANDARD
POL0761,C0817,HEALTH,MATURED,2025-09-30,2050-09-24,2076.96,4758650.22,ZAR,QUARTERLY,1,PREFERRED
POL0762,C0054,INVESTMENT,ACTIVE,2018-05-20,2048-05-12,874.22,32201.73,ZAR,QUARTERLY,2,STANDARD
POL0763,C0324,RETIREMENT,CANCELLED,2023-07-03,2048-06-26,23537.21,1763019.6,ZAR,ANNUALLY,5,SUBSTANDARD
POL0764,C0517,HEALTH,ACTIVE,2026-07-17,2036-07-14,4843.2,3220760.61,ZAR,MONTHLY,3,SUBSTANDARD
POL0765,C0841,INVESTMENT,ACTIVE,2019-01-11,2039-01-06,7690.96,190085.04,ZAR,QUARTERLY,5,SUBSTANDARD
POL0766,C0848,INVESTMENT,ACTIVE,2023-09-26,2038-09-22,3989.41,167186.99,ZAR,MONTHLY,1,PREFERRED
POL0767,C0275,INVESTMENT,ACTIVE,2025-05-04,2045-04-29,19709.81,809860.23,ZAR,MONTHLY,1,STANDARD
POL0768,C0472,LIFE,MATURED,2020-05-19,2040-05-14,3157.76,1123562.36,ZAR,MONTHLY,1,STANDARD
POL0769,C0591,RETIREMENT,CANCELLED,2022-09-15,2047-09-09,14897.72,1280285.86,ZAR,ANNUALLY,3,STANDARD
POL0770,C0797,FUNERAL,MATURED,2015-10-16,2040-10-09,471.62,85486.05,ZAR,QUARTERLY,1,DECLINED
POL0771,C0635,INVESTMENT,LAPSED,2020-01-03,2049-12-26,18984.66,302982.43,ZAR,ANNUALLY,2,PREFERRED
POL0772,C0317,FUNERAL,LAPSED,2023-06-29,2033-06-26,391.07,54047.83,ZAR,ANNUALLY,1,STANDARD
POL0773,C0639,LIFE,ACTIVE,2024-06-22,2034-06-20,3582.89,1104864.03,ZAR,QUARTERLY,5,PREFERRED
POL0774,C0003,HEALTH,ACTIVE,2020-09-30,2040-09-25,7536.82,2471168.15,ZAR,MONTHLY,5,PREFERRED
POL0775,C0410,LIFE,CANCELLED,2022-08-01,2032-07-29,2491.82,489610.21,ZAR,MONTHLY,2,STANDARD
POL0776,C0765,INVESTMENT,ACTIVE,2023-04-12,2048-04-05,5477.72,168596.41,ZAR,QUARTERLY,3,STANDARD
POL0777,,HEALTH,ACTIVE,2019-04-04,2029-04-01,1763.99,4092840.12,ZAR,QUARTERLY,1,PREFERRED
POL0778,C0293,SHORT_TERM,ACTIVE,2020-08-03,2050-07-27,2755.71,466018.73,ZAR,MONTHLY,4,STANDARD
POL0779,C0044,INVESTMENT,MATURED,2019-02-06,2049-01-29,8127.37,106152.54,ZAR,QUARTERLY,1,STANDARD
POL0780,C0099,INVESTMENT,CANCELLED,2025-06-10,2045-06-05,7346.76,239279.53,ZAR,MONTHLY,1,STANDARD
POL0781,C0846,LIFE,ACTIVE,2015-01-20,2020-01-19,4389.7,2121390.4,ZAR,ANNUALLY,3,SUBSTANDARD
POL0782,C0879,FUNERAL,MATURED,2018-09-13,2048-09-05,345.18,85810.97,ZAR,ANNUALLY,2,STANDARD
POL0783,C0164,HEALTH,ACTIVE,2017-06-05,2042-05-30,6709.56,3730822.83,ZAR,ANNUALLY,5,STANDARD
POL0784,C0355,HEALTH,MATURED,2015-03-18,2025-03-15,5536.83,2553244.12,ZAR,ANNUALLY,3,DECLINED
POL0785,C0727,INVESTMENT,ACTIVE,2023-09-15,2043-09-10,16361.36,192454.33,ZAR,ANNUALLY,3,DECLINED
POL0786,C0824,FUNERAL,ACTIVE,2021-11-18,2041-11-13,120.13,70332.46,ZAR,QUARTERLY,4,SUBSTANDARD
POL0787,C0020,HEALTH,ACTIVE,2019-05-04,2039-04-29,,3767674.91,ZAR,QUARTERLY,4,PREFERRED
POL0788,C0806,HEALTH,LAPSED,2025-03-24,2055-03-17,1252.62,2113117.18,ZAR,MONTHLY,4,STANDARD
POL0789,C0592,INVESTMENT,LAPSED,2016-05-15,2021-05-14,19050.42,568086.8,ZAR,MONTHLY,1,STANDARD
POL0790,C0968,HEALTH,ACTIVE,2025-11-05,2035-11-03,1691.7,2292294.22,ZAR,QUARTERLY,2,STANDARD
POL0791,C0872,RETIREMENT,ACTIVE,2016-05-25,2041-05-19,7001.11,379423.72,ZAR,MONTHLY,3,SUBSTANDARD
POL0792,C0915,FUNERAL,LAPSED,2020-12-03,2040-11-28,82.55,49648.14,ZAR,ANNUALLY,1,STANDARD
POL0793,C0419,LIFE,ACTIVE,2018-12-18,2033-12-14,4363.91,1883407.06,ZAR,MONTHLY,1,PREFERRED
POL0794,C0753,HEALTH,MATURED,2026-08-08,2041-08-04,7675.74,819018.57,ZAR,MONTHLY,5,STANDARD
POL0795,C0514,FUNERAL,MATURED,2021-11-07,2051-10-31,447.03,52151.26,ZAR,QUARTERLY,4,STANDARD
POL0796,C0474,FUNERAL,ACTIVE,2020-01-03,2044-12-27,300.1,33255.54,ZAR,ANNUALLY,3,STANDARD
POL0797,C0778,SHORT_TERM,ACTIVE,2024-04-20,2044-04-15,2348.14,1768882.82,ZAR,MONTHLY,3,STANDARD
POL0798,C0616,SHORT_TERM,LAPSED,2023-09-10,2048-09-03,2382.69,415231.35,ZAR,MONTHLY,3,STANDARD
POL0799,C0386,HEALTH,ACTIVE,2025-11-24,2030-11-23,5365.87,3030371.23,ZAR,MONTHLY,1,STANDARD
POL0800,C0423,RETIREMENT,ACTIVE,2020-02-16,2035-02-12,19947.96,1388736.35,ZAR,MONTHLY,3,STANDARD
